area,area1,area2,area3,area4,area5,Level,Skincare,Skincare1,Skincare2,Skincare3,Skincare4,Skincare5,Skincare6,Skincare7,htk,observ,another
"р╕лр╕Щр╣Йр╕▓р╕Ьр╕▓р╕Б, р╣Бр╕Бр╣Йр╕б, р╕Др╕▓р╕З, р╕Ир╕бр╕╣р╕Б",р╕лр╕Щр╣Йр╕▓р╕Ьр╕▓р╕Б, р╣Бр╕Бр╣Йр╕б, р╕Др╕▓р╕З, р╕Ир╕бр╕╣р╕Б,,р╕Ыр╕▓р╕Щр╕Бр╕ер╕▓р╕З,"р╕Др╕гр╕╡р╕бр╕Ър╕│р╕гр╕╕р╕Зр╕Ьр╕┤р╕з, р╣Ар╕Лр╕гр╕▒р╣Ир╕б, р╕вр╕▓р╕гр╕▒р╕Бр╕йр╕▓р╕кр╕┤р╕з, р╕бр╕▓р╕кр╣Мр╕Бр╕лр╕Щр╣Йр╕▓, р╕Ьр╕ер╕┤р╕Хр╕ар╕▒р╕Ур╕Ср╣Мр╕ер╣Йр╕▓р╕Зр╣Ар╕Др╕гр╕╖р╣Ир╕нр╕Зр╕кр╕│р╕нр╕▓р╕З, р╣Вр╕Яр╕бр╕ер╣Йр╕▓р╕Зр╕лр╕Щр╣Йр╕▓",р╕Др╕гр╕╡р╕бр╕Ър╕│р╕гр╕╕р╕Зр╕Ьр╕┤р╕з, р╣Ар╕Лр╕гр╕▒р╣Ир╕б, р╕вр╕▓р╕гр╕▒р╕Бр╕йр╕▓р╕кр╕┤р╕з, р╕бр╕▓р╕кр╣Мр╕Бр╕лр╕Щр╣Йр╕▓, р╕Ьр╕ер╕┤р╕Хр╕ар╕▒р╕Ур╕Ср╣Мр╕ер╣Йр╕▓р╕Зр╣Ар╕Др╕гр╕╖р╣Ир╕нр╕Зр╕кр╕│р╕нр╕▓р╕З, р╣Вр╕Яр╕бр╕ер╣Йр╕▓р╕Зр╕лр╕Щр╣Йр╕▓,,р╕Фр╕╣р╕Хр╕▓р╕бр╕гр╕╡р╕зр╕┤р╕зр╣Бр╕ер╕░р╕ер╕нр╕Зр╣Гр╕Кр╣Й,р╣Гр╕Кр╣Йр╣Ар╣Ар╕ер╣Йр╕зр╕кр╕┤р╕зр╕Фр╕╡р╕Вр╕╢р╣Йр╕Щр╕Бр╣Зр╣Гр╕Кр╣Йр╕Хр╣Ир╕н р╣Бр╕Хр╣Ир╕Цр╣Йр╕▓р╕вр╕┤р╣Ир╕Зр╣Ар╕вр╕нр╕░р╕Вр╕╢р╣Йр╕Щр╕Бр╣Зр╕лр╕вр╕╕р╕Фр╣Гр╕Кр╣Й,р╣Др╕бр╣Ир╕бр╕╡
"р╕лр╕Щр╣Йр╕▓р╕Ьр╕▓р╕Б, р╣Бр╕Бр╣Йр╕б",р╕лр╕Щр╣Йр╕▓р╕Ьр╕▓р╕Б, р╣Бр╕Бр╣Йр╕б,,,,р╕Ыр╕▓р╕Щр╕Бр╕ер╕▓р╕З,"р╕Др╕гр╕╡р╕бр╕Ър╕│р╕гр╕╕р╕Зр╕Ьр╕┤р╕з, р╣Вр╕Чр╕Щр╣Ар╕Щр╕нр╕гр╣М, р╣Ар╕Лр╕гр╕▒р╣Ир╕б, р╕вр╕▓р╕гр╕▒р╕Бр╕йр╕▓р╕кр╕┤р╕з, р╕бр╕▓р╕кр╣Мр╕Бр╕лр╕Щр╣Йр╕▓, р╕Ьр╕ер╕┤р╕Хр╕ар╕▒р╕Ур╕Ср╣Мр╕ер╣Йр╕▓р╕Зр╣Ар╕Др╕гр╕╖р╣Ир╕нр╕Зр╕кр╕│р╕нр╕▓р╕З, р╣Вр╕Яр╕бр╕ер╣Йр╕▓р╕Зр╕лр╕Щр╣Йр╕▓",р╕Др╕гр╕╡р╕бр╕Ър╕│р╕гр╕╕р╕Зр╕Ьр╕┤р╕з, р╣Вр╕Чр╕Щр╣Ар╕Щр╕нр╕гр╣М, р╣Ар╕Лр╕гр╕▒р╣Ир╕б, р╕вр╕▓р╕гр╕▒р╕Бр╕йр╕▓р╕кр╕┤р╕з, р╕бр╕▓р╕кр╣Мр╕Бр╕лр╕Щр╣Йр╕▓, р╕Ьр╕ер╕┤р╕Хр╕ар╕▒р╕Ур╕Ср╣Мр╕ер╣Йр╕▓р╕Зр╣Ар╕Др╕гр╕╖р╣Ир╕нр╕Зр╕кр╕│р╕нр╕▓р╕З, р╣Вр╕Яр╕бр╕ер╣Йр╕▓р╕Зр╕лр╕Щр╣Йр╕▓,р╣Бр╕Юр╕Чр╕вр╣Мр╣Бр╕Щр╕░р╕Щр╕│,р╕Др╕нр╕вр╕кр╕▒р╕Зр╣Ар╕Ыр╣Зр╕Щр╕гр╕░р╕вр╕░,р╕бр╕╡
р╣Бр╕Бр╣Йр╕б,р╣Бр╕Бр╣Йр╕б,,,,,р╕Щр╣Йр╕нр╕вр╕бр╕▓р╕Б,"р╕Др╕гр╕╡р╕бр╕Ър╕│р╕гр╕╕р╕Зр╕Ьр╕┤р╕з, р╣Ар╕Лр╕гр╕▒р╣Ир╕б, р╕вр╕▓р╕гр╕▒р╕Бр╕йр╕▓р╕кр╕┤р╕з, р╣Вр╕Яр╕бр╕ер╣Йр╕▓р╕Зр╕лр╕Щр╣Йр╕▓",р╕Др╕гр╕╡р╕бр╕Ър╕│р╕гр╕╕р╕Зр╕Ьр╕┤р╕з, р╣Ар╕Лр╕гр╕▒р╣Ир╕б, р╕вр╕▓р╕гр╕▒р╕Бр╕йр╕▓р╕кр╕┤р╕з, р╣Вр╕Яр╕бр╕ер╣Йр╕▓р╕Зр╕лр╕Щр╣Йр╕▓,,,,р╣Гр╕Кр╣Йр╣Др╕Ы2-3р╣Ар╕Фр╕╖р╕нр╕Щр╕кр╕▒р╕Зр╣Ар╕Бр╕Хр╕зр╣Ир╕▓р╕лр╕Щр╣Йр╕▓р╕бр╕╡р╕нр╕░р╣Др╕гр╕Ьр╕┤р╕Фр╕Ыр╕Бр╕Хр╕┤р╣Др╕лр╕б,р╕Фр╕╡р╕Вр╕╢р╣Йр╕Щ - р╕кр╕┤р╕зр╕лр╕▓р╕в р╣Бр╕вр╣Ир╕ер╕З - р╕кр╕┤р╕зр╕Вр╕╢р╣Йр╕Щ,р╣Др╕бр╣Ир╕бр╕╡
"р╕лр╕Щр╣Йр╕▓р╕Ьр╕▓р╕Б, р╣Бр╕Бр╣Йр╕б",р╕лр╕Щр╣Йр╕▓р╕Ьр╕▓р╕Б, р╣Бр╕Бр╣Йр╕б,,,,р╕Ыр╕▓р╕Щр╕Бр╕ер╕▓р╕З,"р╕бр╕▓р╕кр╣Мр╕Бр╕лр╕Щр╣Йр╕▓, р╕Ьр╕ер╕┤р╕Хр╕ар╕▒р╕Ур╕Ср╣Мр╕ер╣Йр╕▓р╕Зр╣Ар╕Др╕гр╕╖р╣Ир╕нр╕Зр╕кр╕│р╕нр╕▓р╕З, р╣Вр╕Яр╕бр╕ер╣Йр╕▓р╕Зр╕лр╕Щр╣Йр╕▓",р╕бр╕▓р╕кр╣Мр╕Бр╕лр╕Щр╣Йр╕▓, р╕Ьр╕ер╕┤р╕Хр╕ар╕▒р╕Ур╕Ср╣Мр╕ер╣Йр╕▓р╕Зр╣Ар╕Др╕гр╕╖р╣Ир╕нр╕Зр╕кр╕│р╕нр╕▓р╕З, р╣Вр╕Яр╕бр╕ер╣Йр╕▓р╕Зр╕лр╕Щр╣Йр╕▓,,,,,р╕ер╕нр╕Зр╣Гр╕Кр╣Йр╣Др╕Ыр╣Ар╕гр╕╖р╣Ир╕нр╕вр╣Ж,р╕Фр╕╣р╕зр╣Ир╕▓р╕лр╕Щр╣Йр╕▓р╕Вр╕▓р╕зр╕Вр╕╢р╣Йр╕Щ р╕гр╕нр╕вр╕кр╕┤р╕зр╕ер╕Фр╕ер╕Зр╕лр╕гр╕╖р╕нр╣Ар╕Ыр╕ер╣Ир╕▓,р╣Др╕бр╣Ир╕бр╕╡
р╕лр╕Щр╣Йр╕▓р╕Ьр╕▓р╕Б,р╕лр╕Щр╣Йр╕▓р╕Ьр╕▓р╕Б,,,,,р╕Щр╣Йр╕нр╕вр╕бр╕▓р╕Б,"р╣Ар╕Лр╕гр╕▒р╣Ир╕б, р╕бр╕▓р╕кр╣Мр╕Бр╕лр╕Щр╣Йр╕▓, р╣Вр╕Яр╕бр╕ер╣Йр╕▓р╕Зр╕лр╕Щр╣Йр╕▓",р╣Ар╕Лр╕гр╕▒р╣Ир╕б, р╕бр╕▓р╕кр╣Мр╕Бр╕лр╕Щр╣Йр╕▓, р╣Вр╕Яр╕бр╕ер╣Йр╕▓р╕Зр╕лр╕Щр╣Йр╕▓,,,,,р╕нр╣Ир╕▓р╕Щр╕кр╕гр╕гр╕Юр╕Др╕╕р╕Ур╕Вр╕нр╕Зр╕кр╕Бр╕┤р╕Щр╣Бр╕Др╕гр╣Мр╕зр╣Ир╕▓р╕Ьр╕┤р╕зр╕лр╕Щр╣Йр╕▓р╣Бр╕Ър╕Ър╣Др╕лр╕Щр╕Др╕зр╕гр╣Гр╕Кр╣Йр╣Бр╕Ър╕Ър╣Гр╕Ф,р╕Цр╣Ир╕▓р╕вр╕гр╕╣р╕Ыbefore after р╣Др╕зр╣Йр╕зр╣Ир╕▓р╕Бр╣Ир╕нр╕Щр╣Бр╕ер╕░р╕лр╕ер╕▒р╕Зр╣Гр╕Кр╣Йр╕кр╕Бр╕┤р╕Щр╣Бр╕Др╕гр╣Мр╕Хр╕▒р╕зр╕Щр╕╡р╣Йр╣Ар╕Ыр╣Зр╕Щр╕вр╕▒р╕Зр╣Др╕З,р╣Др╕бр╣Ир╕бр╕╡
р╣Бр╕Бр╣Йр╕б,р╣Бр╕Бр╣Йр╕б,,,,,р╕Ыр╕▓р╕Щр╕Бр╕ер╕▓р╕З,"р╕Др╕гр╕╡р╕бр╕Ър╕│р╕гр╕╕р╕Зр╕Ьр╕┤р╕з, р╕бр╕▓р╕кр╣Мр╕Бр╕лр╕Щр╣Йр╕▓, р╕Ьр╕ер╕┤р╕Хр╕ар╕▒р╕Ур╕Ср╣Мр╕ер╣Йр╕▓р╕Зр╣Ар╕Др╕гр╕╖р╣Ир╕нр╕Зр╕кр╕│р╕нр╕▓р╕З, р╣Вр╕Яр╕бр╕ер╣Йр╕▓р╕Зр╕лр╕Щр╣Йр╕▓",р╕Др╕гр╕╡р╕бр╕Ър╕│р╕гр╕╕р╕Зр╕Ьр╕┤р╕з, р╕бр╕▓р╕кр╣Мр╕Бр╕лр╕Щр╣Йр╕▓, р╕Ьр╕ер╕┤р╕Хр╕ар╕▒р╕Ур╕Ср╣Мр╕ер╣Йр╕▓р╕Зр╣Ар╕Др╕гр╕╖р╣Ир╕нр╕Зр╕кр╕│р╕нр╕▓р╕З, р╣Вр╕Яр╕бр╕ер╣Йр╕▓р╕Зр╕лр╕Щр╣Йр╕▓,,,,р╕Фр╕╣р╕гр╕╡р╕зр╕┤р╕з р╕Др╕│р╣Бр╕Щр╕░р╕Щр╕│р╕Ир╕▓р╕Бр╕Ьр╕╣р╣Йр╣Гр╕Кр╣Йр╕Ир╕гр╕┤р╕З,р╕Цр╣Ир╕▓р╕вр╕гр╕╣р╕Ыр╕лр╕ер╕▒р╕Зр╕Чр╕▓р╕кр╕Бр╕┤р╕Щр╣Бр╕Др╕гр╣Мр╣Др╕зр╣Йр╕Чр╕╕р╕Бр╕зр╕▒р╕Щ,р╣Др╕бр╣Ир╕бр╕╡
"р╣Бр╕Бр╣Йр╕б, р╕Др╕▓р╕З, р╕гр╕нр╕Ър╕Ыр╕▓р╕Б",р╣Бр╕Бр╣Йр╕б, р╕Др╕▓р╕З, р╕гр╕нр╕Ър╕Ыр╕▓р╕Б,,,р╕Ыр╕▓р╕Щр╕Бр╕ер╕▓р╕З,"р╕вр╕▓р╕гр╕▒р╕Бр╕йр╕▓р╕кр╕┤р╕з, р╕бр╕▓р╕кр╣Мр╕Бр╕лр╕Щр╣Йр╕▓, р╣Вр╕Яр╕бр╕ер╣Йр╕▓р╕Зр╕лр╕Щр╣Йр╕▓",р╕вр╕▓р╕гр╕▒р╕Бр╕йр╕▓р╕кр╕┤р╕з, р╕бр╕▓р╕кр╣Мр╕Бр╕лр╕Щр╣Йр╕▓, р╣Вр╕Яр╕бр╕ер╣Йр╕▓р╕Зр╕лр╕Щр╣Йр╕▓,,,,,р╕Др╕│р╣Бр╕Щр╕░р╕Щр╕│р╕лр╕бр╕н,р╕лр╕Щр╣Йр╕▓р╣Др╕бр╣Ир╣Бр╕лр╣Йр╕З р╕кр╕┤р╕зр╣Др╕бр╣Ир╕Вр╕╢р╣Йр╕Щ,р╕бр╕╡
р╕лр╕Щр╣Йр╕▓р╕Ьр╕▓р╕Б,р╕лр╕Щр╣Йр╕▓р╕Ьр╕▓р╕Б,,,,,р╕Ыр╕▓р╕Щр╕Бр╕ер╕▓р╕З,"р╕Др╕гр╕╡р╕бр╕Ър╕│р╕гр╕╕р╕Зр╕Ьр╕┤р╕з, р╣Ар╕Лр╕гр╕▒р╣Ир╕б, р╕Ьр╕ер╕┤р╕Хр╕ар╕▒р╕Ур╕Ср╣Мр╕ер╣Йр╕▓р╕Зр╣Ар╕Др╕гр╕╖р╣Ир╕нр╕Зр╕кр╕│р╕нр╕▓р╕З, р╣Вр╕Яр╕бр╕ер╣Йр╕▓р╕Зр╕лр╕Щр╣Йр╕▓",р╕Др╕гр╕╡р╕бр╕Ър╕│р╕гр╕╕р╕Зр╕Ьр╕┤р╕з, р╣Ар╕Лр╕гр╕▒р╣Ир╕б, р╕Ьр╕ер╕┤р╕Хр╕ар╕▒р╕Ур╕Ср╣Мр╕ер╣Йр╕▓р╕Зр╣Ар╕Др╕гр╕╖р╣Ир╕нр╕Зр╕кр╕│р╕нр╕▓р╕З, р╣Вр╕Яр╕бр╕ер╣Йр╕▓р╕Зр╕лр╕Щр╣Йр╕▓,,,,р╕бр╕╡р╕кр╕╣р╕Хр╕гр╣Ар╕Вр╕╡р╕вр╕Щр╕нр╕вр╕╣р╣Ир╕зр╣Ир╕▓р╣Ар╕лр╕бр╕▓р╕░р╕Бр╕▒р╕Ър╕Ьр╕┤р╕зр╕лр╕Щр╣Йр╕▓р╣Бр╕Ър╕Ър╣Др╕лр╕Щ,р╕Цр╣Ир╕▓р╕вр╕гр╕╣р╕Ы,р╣Др╕бр╣Ир╕бр╕╡
"р╕лр╕Щр╣Йр╕▓р╕Ьр╕▓р╕Б, р╣Бр╕Бр╣Йр╕б",р╕лр╕Щр╣Йр╕▓р╕Ьр╕▓р╕Б, р╣Бр╕Бр╣Йр╕б,,,,р╕Ыр╕▓р╕Щр╕Бр╕ер╕▓р╕З,"р╣Вр╕Чр╕Щр╣Ар╕Щр╕нр╕гр╣М, р╕бр╕▓р╕кр╣Мр╕Бр╕лр╕Щр╣Йр╕▓, р╕Ьр╕ер╕┤р╕Хр╕ар╕▒р╕Ур╕Ср╣Мр╕ер╣Йр╕▓р╕Зр╣Ар╕Др╕гр╕╖р╣Ир╕нр╕Зр╕кр╕│р╕нр╕▓р╕З, р╣Вр╕Яр╕бр╕ер╣Йр╕▓р╕Зр╕лр╕Щр╣Йр╕▓",р╣Вр╕Чр╕Щр╣Ар╕Щр╕нр╕гр╣М, р╕бр╕▓р╕кр╣Мр╕Бр╕лр╕Щр╣Йр╕▓, р╕Ьр╕ер╕┤р╕Хр╕ар╕▒р╕Ур╕Ср╣Мр╕ер╣Йр╕▓р╕Зр╣Ар╕Др╕гр╕╖р╣Ир╕нр╕Зр╕кр╕│р╕нр╕▓р╕З, р╣Вр╕Яр╕бр╕ер╣Йр╕▓р╕Зр╕лр╕Щр╣Йр╕▓,,,,р╕Цр╕▓р╕бр╕Юр╕Щр╕▒р╕Бр╕Зр╕▓р╕Щр╣Др╕бр╣Ир╕Бр╣Зр╕нр╣Ир╕▓р╕Щр╕Ър╕Щр╕Ьр╕ер╕┤р╕Хр╕ар╕▒р╕Ур╕Ср╣М,р╕кр╕▒р╕Зр╣Ар╕Бр╕Хр╕╕р╕Ьр╕┤р╕зр╕Бр╣Ир╕нр╕Щр╣Гр╕Кр╣Йр╣Бр╕ер╣Йр╕зр╕ер╕нр╕Зр╣Гр╕Кр╣Йр╕кр╕▒р╕Бр╕кр╕▒р╕Ыр╕Фр╕▓р╕лр╣Мр╕Фр╕╣р╕зр╣Ир╕▓р╕Ьр╕┤р╕зр╣Ар╕Ыр╣Зр╕Щр╕вр╕▒р╕Зр╣Др╕Зр╕Ър╣Йр╕▓р╕З,р╕бр╕╡
"р╕лр╕Щр╣Йр╕▓р╕Ьр╕▓р╕Б, р╣Бр╕Бр╣Йр╕б, р╕Др╕▓р╕З, р╕Ир╕бр╕╣р╕Б",р╕лр╕Щр╣Йр╕▓р╕Ьр╕▓р╕Б, р╣Бр╕Бр╣Йр╕б, р╕Др╕▓р╕З, р╕Ир╕бр╕╣р╕Б,,р╕Ыр╕▓р╕Щр╕Бр╕ер╕▓р╕З,"р╕Др╕гр╕╡р╕бр╕Ър╕│р╕гр╕╕р╕Зр╕Ьр╕┤р╕з, р╣Ар╕Лр╕гр╕▒р╣Ир╕б, р╕вр╕▓р╕гр╕▒р╕Бр╕йр╕▓р╕кр╕┤р╕з, р╕бр╕▓р╕кр╣Мр╕Бр╕лр╕Щр╣Йр╕▓, р╕Ьр╕ер╕┤р╕Хр╕ар╕▒р╕Ур╕Ср╣Мр╕ер╣Йр╕▓р╕Зр╣Ар╕Др╕гр╕╖р╣Ир╕нр╕Зр╕кр╕│р╕нр╕▓р╕З, р╣Вр╕Яр╕бр╕ер╣Йр╕▓р╕Зр╕лр╕Щр╣Йр╕▓",р╕Др╕гр╕╡р╕бр╕Ър╕│р╕гр╕╕р╕Зр╕Ьр╕┤р╕з, р╣Ар╕Лр╕гр╕▒р╣Ир╕б, р╕вр╕▓р╕гр╕▒р╕Бр╕йр╕▓р╕кр╕┤р╕з, р╕бр╕▓р╕кр╣Мр╕Бр╕лр╕Щр╣Йр╕▓, р╕Ьр╕ер╕┤р╕Хр╕ар╕▒р╕Ур╕Ср╣Мр╕ер╣Йр╕▓р╕Зр╣Ар╕Др╕гр╕╖р╣Ир╕нр╕Зр╕кр╕│р╕нр╕▓р╕З, р╣Вр╕Яр╕бр╕ер╣Йр╕▓р╕Зр╕лр╕Щр╣Йр╕▓,,р╕Фр╕╣р╕Хр╕▓р╕бр╕гр╕╡р╕зр╕┤р╕з р╣Бр╕ер╕░р╕ер╕нр╕Зр╣Гр╕Кр╣Йр╕Хр╕▓р╕б,р╣Гр╕Кр╣Йр╣Бр╕ер╣Йр╕зр╕кр╕┤р╕зр╕ер╕Фр╕ер╕Зр╕Бр╣Зр╣Гр╕Кр╣Йр╕Хр╣Ир╕н р╕Цр╣Йр╕▓р╕кр╕┤р╕зр╕Вр╕╢р╣Йр╕Щр╣Ар╕Юр╕┤р╣Ир╕бр╕Бр╣Зр╕лр╕вр╕╕р╕Фр╣Гр╕Кр╣Й,р╣Др╕бр╣Ир╕бр╕╡
"р╣Бр╕Бр╣Йр╕б, р╕гр╕нр╕Ър╕Ыр╕▓р╕Б",р╣Бр╕Бр╣Йр╕б, р╕гр╕нр╕Ър╕Ыр╕▓р╕Б,,,,р╕Ыр╕▓р╕Щр╕Бр╕ер╕▓р╕З,"р╕Др╕гр╕╡р╕бр╕Ър╕│р╕гр╕╕р╕Зр╕Ьр╕┤р╕з, р╕Ьр╕ер╕┤р╕Хр╕ар╕▒р╕Ур╕Ср╣Мр╕ер╣Йр╕▓р╕Зр╣Ар╕Др╕гр╕╖р╣Ир╕нр╕Зр╕кр╕│р╕нр╕▓р╕З, р╣Вр╕Яр╕бр╕ер╣Йр╕▓р╕Зр╕лр╕Щр╣Йр╕▓",р╕Др╕гр╕╡р╕бр╕Ър╕│р╕гр╕╕р╕Зр╕Ьр╕┤р╕з, р╕Ьр╕ер╕┤р╕Хр╕ар╕▒р╕Ур╕Ср╣Мр╕ер╣Йр╕▓р╕Зр╣Ар╕Др╕гр╕╖р╣Ир╕нр╕Зр╕кр╕│р╕нр╕▓р╕З, р╣Вр╕Яр╕бр╕ер╣Йр╕▓р╕Зр╕лр╕Щр╣Йр╕▓,,,,,р╣Др╕бр╣Ир╕бр╕╡р╕зр╕┤р╕Шр╕╡р╕Чр╕╡р╣Ир╕Кр╕▒р╕Фр╣Ар╕Ир╕Щ р╣Гр╕Кр╣Йр╕Хр╕▓р╕бр╕гр╕╡р╕зр╕┤р╕з р╕Хр╕▒р╕зр╣Др╕лр╕Щр╣Гр╕Кр╣Йр╣Бр╕ер╣Йр╕зр╕гр╕╣р╣Йр╕кр╕╢р╕Бр╕кр╕┤р╕зр╣Др╕бр╣Ир╣Ар╕лр╣Ир╕н р╣Бр╕ер╕░р╕гр╕╣р╣Йр╕кр╕╢р╕Бр╕зр╣Ир╕▓р╣Ар╕лр╣Зр╕Щр╕Ьр╕ер╕Бр╣Зр╣Гр╕Кр╣Йр╕Хр╣Ир╕нр╣Ар╕гр╕╖р╣Ир╕нр╕вр╣Ж,р╕Бр╣Зр╣Гр╕Кр╣Йр╣Бр╕ер╣Йр╕зр╕Фр╕╣р╕нр╕▓р╕Бр╕▓р╕г р╕кр╕ар╕▓р╕Юр╕Ьр╕┤р╕зр╕лр╕ер╕▒р╕Зр╣Гр╕Кр╣Й р╕гр╕зр╕бр╕Чр╕▒р╣Йр╕Зр╕зр╕┤р╣Ар╕Др╕гр╕▓р╕░р╕лр╣Мр╕Ыр╕▒р╕Ир╕Ир╕▒р╕вр╕нр╕╖р╣Ир╕Щр╣Ж р╣Ар╕Кр╣Ир╕Щ р╕Бр╕▓р╕гр╕Щр╕нр╕Щр╕Фр╕╢р╕Б р╕Бр╕▓р╕гр╕Бр╕┤р╕Щр╕нр╕▓р╕лр╕▓р╕г (р╕Кр╣Зр╕нр╕Др╣Вр╕Бр╣Бр╕ер╕Х р╕нр╕▓р╕лр╕▓р╕гр╕Чр╕нр╕Фр╣Ж р╕бр╕▒р╕Щр╣Ж р╕п) р╣Ар╕Ыр╣Зр╕Щр╕Хр╣Йр╕Щ,р╣Др╕бр╣Ир╕бр╕╡
р╕лр╕Щр╣Йр╕▓р╕Ьр╕▓р╕Б,р╕лр╕Щр╣Йр╕▓р╕Ьр╕▓р╕Б,,,,,р╕Ыр╕▓р╕Щр╕Бр╕ер╕▓р╕З,"р╕Др╕гр╕╡р╕бр╕Ър╕│р╕гр╕╕р╕Зр╕Ьр╕┤р╕з, р╕вр╕▓р╕гр╕▒р╕Бр╕йр╕▓р╕кр╕┤р╕з, р╕Ьр╕ер╕┤р╕Хр╕ар╕▒р╕Ур╕Ср╣Мр╕ер╣Йр╕▓р╕Зр╣Ар╕Др╕гр╕╖р╣Ир╕нр╕Зр╕кр╕│р╕нр╕▓р╕З, р╣Вр╕Яр╕бр╕ер╣Йр╕▓р╕Зр╕лр╕Щр╣Йр╕▓",р╕Др╕гр╕╡р╕бр╕Ър╕│р╕гр╕╕р╕Зр╕Ьр╕┤р╕з, р╕вр╕▓р╕гр╕▒р╕Бр╕йр╕▓р╕кр╕┤р╕з, р╕Ьр╕ер╕┤р╕Хр╕ар╕▒р╕Ур╕Ср╣Мр╕ер╣Йр╕▓р╕Зр╣Ар╕Др╕гр╕╖р╣Ир╕нр╕Зр╕кр╕│р╕нр╕▓р╕З, р╣Вр╕Яр╕бр╕ер╣Йр╕▓р╕Зр╕лр╕Щр╣Йр╕▓,,,,р╕Фр╕╣р╕зр╣Ир╕▓р╕лр╕Щр╣Йр╕▓р╕Хр╕▒р╕зр╣Ар╕нр╕Зр╣Ар╕Ыр╣Зр╕Щр╣Бр╕Ър╕Ър╣Др╕лр╕Щ р╣Бр╕ер╕░р╣Ар╕ер╕╖р╕нр╕Бр╣Гр╕Кр╣Йр╕кр╕Бр╕┤р╕Щр╣Бр╕Др╕гр╣Мр╕Чр╕╡р╣Ир╣Ар╕лр╕бр╕▓р╕░р╕Бр╕▒р╕Ър╕Ыр╕▒р╕Нр╕лр╕▓р╕Ьр╕┤р╕зр╕Щр╕▒р╣Йр╕Щ,"р╕Фр╕╣р╕зр╣Ир╕▓р╕гр╕нр╕вр╕кр╕┤р╕зр╕Ир╕▓р╕Зр╕ер╕З , р╕Фр╕╣р╕зр╣Ир╕▓р╕кр╕┤р╕зр╣Др╕бр╣Ир╕Др╣Ир╕нр╕вр╕Вр╕╢р╣Йр╕Щр╕Чр╕╡р╣Ир╣Ар╕Фр╕┤р╕б",р╣Др╕бр╣Ир╕бр╕╡
"р╣Бр╕Бр╣Йр╕б, р╕Др╕▓р╕З, р╕Ир╕бр╕╣р╕Б, р╕гр╕нр╕Ър╕Ыр╕▓р╕Б",р╣Бр╕Бр╣Йр╕б, р╕Др╕▓р╕З, р╕Ир╕бр╕╣р╕Б, р╕гр╕нр╕Ър╕Ыр╕▓р╕Б,,р╕Ыр╕▓р╕Щр╕Бр╕ер╕▓р╕З,"р╣Ар╕Лр╕гр╕▒р╣Ир╕б, р╕вр╕▓р╕гр╕▒р╕Бр╕йр╕▓р╕кр╕┤р╕з, р╕Ьр╕ер╕┤р╕Хр╕ар╕▒р╕Ур╕Ср╣Мр╕ер╣Йр╕▓р╕Зр╣Ар╕Др╕гр╕╖р╣Ир╕нр╕Зр╕кр╕│р╕нр╕▓р╕З, р╣Вр╕Яр╕бр╕ер╣Йр╕▓р╕Зр╕лр╕Щр╣Йр╕▓",р╣Ар╕Лр╕гр╕▒р╣Ир╕б, р╕вр╕▓р╕гр╕▒р╕Бр╕йр╕▓р╕кр╕┤р╕з, р╕Ьр╕ер╕┤р╕Хр╕ар╕▒р╕Ур╕Ср╣Мр╕ер╣Йр╕▓р╕Зр╣Ар╕Др╕гр╕╖р╣Ир╕нр╕Зр╕кр╕│р╕нр╕▓р╕З, р╣Вр╕Яр╕бр╕ер╣Йр╕▓р╕Зр╕лр╕Щр╣Йр╕▓,,,,р╣Ар╕нр╕▓р╕Ыр╕▒р╕Нр╕лр╕▓р╕Ьр╕┤р╕зр╕Чр╕╡р╣Ир╕Др╕┤р╕Фр╕зр╣Ир╕▓р╕Хр╕▒р╕зр╣Ар╕нр╕Зр╣Ар╕Ыр╣Зр╕Щр╣Др╕Ыр╣Ар╕кр╕┤р╕К р╕лр╕гр╕╖р╕нр╣Ар╕Ир╕нр╣Бр╕Ър╕гр╕Щр╕Фр╣Мр╕кр╕Бр╕┤р╕Щр╣Бр╕Др╕гр╣Мр╕Чр╕╡р╣Ир╕кр╕Щр╣Гр╕И р╣Бр╕ер╣Йр╕зр╕Юр╕нр╕Фр╕╡р╣Ар╕Др╣Йр╕▓р╣Ар╕Др╕ер╕бр╕зр╣Ир╕▓р╕кр╕▓р╕бр╕▓р╕гр╕Цр╣Бр╕Бр╣Йр╕Ыр╕▒р╕Нр╕лр╕▓р╕Ър╕▓р╕Зр╕нр╕вр╣Ир╕▓р╕Зр╕Чр╕╡р╣Ир╣Ар╕гр╕▓р╣Ар╕Ыр╣Зр╕Щр╣Др╕Фр╣Й р╣Ар╕ер╕вр╕ер╕нр╕Зр╣Гр╕Кр╣Йр╕Фр╕╣,"р╕кр╕▒р╕бр╕Ьр╕▒р╕кр╕лр╕Щр╣Йр╕▓р╣Бр╕ер╣Йр╕зр╕Вр╕гр╕╕р╕Вр╕гр╕░р╕Щр╣Йр╕нр╕вр╕ер╕З(р╕кр╕┤р╕зр╕нр╕╕р╕Фр╕Хр╕▒р╕Щр╕Щр╣Йр╕нр╕вр╕ер╕З), р╕Ьр╕┤р╕зр╣Др╕бр╣Ир╕лр╕бр╕нр╕Зр╕Др╕ер╣Йр╕│",р╕бр╕╡
"р╕лр╕Щр╣Йр╕▓р╕Ьр╕▓р╕Б, р╣Бр╕Бр╣Йр╕б",р╕лр╕Щр╣Йр╕▓р╕Ьр╕▓р╕Б, р╣Бр╕Бр╣Йр╕б,,,,р╕гр╕╕р╕Щр╣Бр╕гр╕З,р╣Вр╕Яр╕бр╕ер╣Йр╕▓р╕Зр╕лр╕Щр╣Йр╕▓,р╣Вр╕Яр╕бр╕ер╣Йр╕▓р╕Зр╕лр╕Щр╣Йр╕▓,,,,,,,р╕Фр╕╣р╣Бр╕Др╣И % salicylic acid,р╕кр╣Ир╕нр╕Зр╕Бр╕гр╕░р╕Ир╕Б р╕нр╕▓р╕Ир╕Ир╕░р╕бр╕╡р╕Цр╣Ир╕▓р╕вр╕гр╕╣р╕Ыр╣Ар╕Бр╣Зр╕Ър╣Др╕зр╣Й,р╣Др╕бр╣Ир╕бр╕╡
"р╕Др╕▓р╕З, р╕Ир╕бр╕╣р╕Б",р╕Др╕▓р╕З, р╕Ир╕бр╕╣р╕Б,,,,р╕Ыр╕▓р╕Щр╕Бр╕ер╕▓р╕З,"р╕Др╕гр╕╡р╕бр╕Ър╕│р╕гр╕╕р╕Зр╕Ьр╕┤р╕з, р╣Вр╕Чр╕Щр╣Ар╕Щр╕нр╕гр╣М, р╣Ар╕Лр╕гр╕▒р╣Ир╕б, р╕вр╕▓р╕гр╕▒р╕Бр╕йр╕▓р╕кр╕┤р╕з, р╕бр╕▓р╕кр╣Мр╕Бр╕лр╕Щр╣Йр╕▓, р╕Ьр╕ер╕┤р╕Хр╕ар╕▒р╕Ур╕Ср╣Мр╕ер╣Йр╕▓р╕Зр╣Ар╕Др╕гр╕╖р╣Ир╕нр╕Зр╕кр╕│р╕нр╕▓р╕З, р╣Вр╕Яр╕бр╕ер╣Йр╕▓р╕Зр╕лр╕Щр╣Йр╕▓",р╕Др╕гр╕╡р╕бр╕Ър╕│р╕гр╕╕р╕Зр╕Ьр╕┤р╕з, р╣Вр╕Чр╕Щр╣Ар╕Щр╕нр╕гр╣М, р╣Ар╕Лр╕гр╕▒р╣Ир╕б, р╕вр╕▓р╕гр╕▒р╕Бр╕йр╕▓р╕кр╕┤р╕з, р╕бр╕▓р╕кр╣Мр╕Бр╕лр╕Щр╣Йр╕▓, р╕Ьр╕ер╕┤р╕Хр╕ар╕▒р╕Ур╕Ср╣Мр╕ер╣Йр╕▓р╕Зр╣Ар╕Др╕гр╕╖р╣Ир╕нр╕Зр╕кр╕│р╕нр╕▓р╕З, р╣Вр╕Яр╕бр╕ер╣Йр╕▓р╕Зр╕лр╕Щр╣Йр╕▓,р╕кр╕▒р╕Зр╣Ар╕Бр╕Хр╕Хр╣Бр╕ер╕░р╣Др╕Ыр╕Яр╕▒р╕Зр╕Др╕Щр╣Гр╕лр╣Йр╕Др╕│р╣Бр╕Щр╕░р╕Щр╕│,р╕Цр╣Ир╕▓р╕вр╕лр╕Щр╣Йр╕▓р╕Хр╕▒р╕зр╣Ар╕нр╕Зр╕Бр╣Ир╕нр╕Щр╣Гр╕Кр╣Йр╕кр╕Бр╕┤р╕Щр╣Бр╕Др╕гр╣М р╣Бр╕ер╕░р╕Цр╣Ир╕▓р╕вр╕лр╕ер╕▒р╕Зр╕Ир╕▓р╕Бр╣Гр╕Кр╣Йр╕бр╕▓р╣Ар╕Ыр╣Зр╕Щр╕гр╕░р╕вр╕░,р╕бр╕╡
р╕лр╕Щр╣Йр╕▓р╕Ьр╕▓р╕Б,р╕лр╕Щр╣Йр╕▓р╕Ьр╕▓р╕Б,,,,,р╕Щр╣Йр╕нр╕вр╕бр╕▓р╕Б,р╣Вр╕Яр╕бр╕ер╣Йр╕▓р╕Зр╕лр╕Щр╣Йр╕▓,р╣Вр╕Яр╕бр╕ер╣Йр╕▓р╕Зр╕лр╕Щр╣Йр╕▓,,,,,,,р╕гр╕▓р╕Др╕▓,р╕Ьр╕ер╕лр╕ер╕▒р╕Зр╕Ир╕▓р╕Бр╕Бр╕▓р╕гр╣Гр╕Кр╣Й,р╣Др╕бр╣Ир╕бр╕╡
"р╣Бр╕Бр╣Йр╕б, р╕Ир╕бр╕╣р╕Б, р╕гр╕нр╕Ър╕Ыр╕▓р╕Б",р╣Бр╕Бр╣Йр╕б, р╕Ир╕бр╕╣р╕Б, р╕гр╕нр╕Ър╕Ыр╕▓р╕Б,,,р╕гр╕╕р╕Щр╣Бр╕гр╕З,"р╕Др╕гр╕╡р╕бр╕Ър╕│р╕гр╕╕р╕Зр╕Ьр╕┤р╕з, р╣Вр╕Чр╕Щр╣Ар╕Щр╕нр╕гр╣М, р╣Вр╕Яр╕бр╕ер╣Йр╕▓р╕Зр╕лр╕Щр╣Йр╕▓",р╕Др╕гр╕╡р╕бр╕Ър╕│р╕гр╕╕р╕Зр╕Ьр╕┤р╕з, р╣Вр╕Чр╕Щр╣Ар╕Щр╕нр╕гр╣М, р╣Вр╕Яр╕бр╕ер╣Йр╕▓р╕Зр╕лр╕Щр╣Йр╕▓,,,,,р╣Др╕бр╣Ир╕бр╕╡,р╕Фр╕╣р╕Др╕зр╕▓р╕бр╣Бр╕Хр╕Бр╕Хр╣Ир╕▓р╕Зр╕Бр╣Ир╕нр╕Щр╣Бр╕ер╕░р╕лр╕ер╕▒р╕Зр╣Гр╕Кр╣Й р╕Цр╣Ир╕▓р╕вр╕гр╕╣р╕Ы,р╕бр╕╡
р╕лр╕Щр╣Йр╕▓р╕Ьр╕▓р╕Б,р╕лр╕Щр╣Йр╕▓р╕Ьр╕▓р╕Б,,,,,р╕Ыр╕▓р╕Щр╕Бр╕ер╕▓р╕З,"р╣Вр╕Чр╕Щр╣Ар╕Щр╕нр╕гр╣М, р╣Ар╕Лр╕гр╕▒р╣Ир╕б, р╕Ьр╕ер╕┤р╕Хр╕ар╕▒р╕Ур╕Ср╣Мр╕ер╣Йр╕▓р╕Зр╣Ар╕Др╕гр╕╖р╣Ир╕нр╕Зр╕кр╕│р╕нр╕▓р╕З, р╣Вр╕Яр╕бр╕ер╣Йр╕▓р╕Зр╕лр╕Щр╣Йр╕▓",р╣Вр╕Чр╕Щр╣Ар╕Щр╕нр╕гр╣М, р╣Ар╕Лр╕гр╕▒р╣Ир╕б, р╕Ьр╕ер╕┤р╕Хр╕ар╕▒р╕Ур╕Ср╣Мр╕ер╣Йр╕▓р╕Зр╣Ар╕Др╕гр╕╖р╣Ир╕нр╕Зр╕кр╕│р╕нр╕▓р╕З, р╣Вр╕Яр╕бр╕ер╣Йр╕▓р╕Зр╕лр╕Щр╣Йр╕▓,,,,р╕Фр╕╣р╕Ир╕▓р╕Бр╕кр╕Бр╕┤р╕Щр╣Бр╕Др╕гр╣Мр╕зр╣Ир╕▓р╣Бр╕Ър╕Ър╣Др╕лр╕Щр╕Чр╕╡р╣Ир╕Ир╕░р╣Ар╕лр╕бр╕▓р╕░р╕Бр╕▒р╕Ър╣Ар╕гр╕▓,р╕Чр╕▓р╕Бр╣Ир╕нр╕Щр╕Щр╕нр╕Щр╕Хр╕╖р╣Ир╕Щр╕бр╕▓р╕Бр╣Зр╕кр╕▒р╕Зр╣Ар╕Бр╕Хр╕зр╣Ир╕▓р╕Ьр╕┤р╕зр╕лр╕Щр╣Йр╕▓р╣Ар╕Ыр╣Зр╕Щр╕нр╕вр╣Ир╕▓р╕Зр╣Др╕г,р╕бр╕╡
"р╕лр╕Щр╣Йр╕▓р╕Ьр╕▓р╕Б, р╣Бр╕Бр╣Йр╕б, р╕Др╕▓р╕З, р╕Ир╕бр╕╣р╕Б",р╕лр╕Щр╣Йр╕▓р╕Ьр╕▓р╕Б, р╣Бр╕Бр╣Йр╕б, р╕Др╕▓р╕З, р╕Ир╕бр╕╣р╕Б,,р╕Ыр╕▓р╕Щр╕Бр╕ер╕▓р╕З,"р╕Др╕гр╕╡р╕бр╕Ър╕│р╕гр╕╕р╕Зр╕Ьр╕┤р╕з, р╣Ар╕Лр╕гр╕▒р╣Ир╕б, р╕вр╕▓р╕гр╕▒р╕Бр╕йр╕▓р╕кр╕┤р╕з, р╕Ьр╕ер╕┤р╕Хр╕ар╕▒р╕Ур╕Ср╣Мр╕ер╣Йр╕▓р╕Зр╣Ар╕Др╕гр╕╖р╣Ир╕нр╕Зр╕кр╕│р╕нр╕▓р╕З, р╣Вр╕Яр╕бр╕ер╣Йр╕▓р╕Зр╕лр╕Щр╣Йр╕▓",р╕Др╕гр╕╡р╕бр╕Ър╕│р╕гр╕╕р╕Зр╕Ьр╕┤р╕з, р╣Ар╕Лр╕гр╕▒р╣Ир╕б, р╕вр╕▓р╕гр╕▒р╕Бр╕йр╕▓р╕кр╕┤р╕з, р╕Ьр╕ер╕┤р╕Хр╕ар╕▒р╕Ур╕Ср╣Мр╕ер╣Йр╕▓р╕Зр╣Ар╕Др╕гр╕╖р╣Ир╕нр╕Зр╕кр╕│р╕нр╕▓р╕З, р╣Вр╕Яр╕бр╕ер╣Йр╕▓р╕Зр╕лр╕Щр╣Йр╕▓,,,р╕Ьр╕┤р╕зр╣Ар╕Ыр╣Зр╕Щр╕кр╕┤р╕зр╣Бр╕ер╣Йр╕зр╕Бр╣Зр╕Др╣Ир╕нр╕Щр╕Вр╣Йр╕▓р╕Зр╕бр╕▒р╕Щ р╣Ар╕ер╕вр╣Ар╕ер╕╖р╕нр╕Бр╣Гр╕Кр╣Й moisturizer р╕Чр╕╡р╣Ир╣Др╕бр╣Ир╕лр╕Щр╕▒р╕Бр╕Ир╕Щр╣Ар╕Бр╕┤р╕Щр╣Др╕Ы,р╣Гр╕Кр╣Йр╕Хр╣Ир╕нр╣Ар╕Щр╕╖р╣Ир╕нр╕Зр╕нр╕вр╣Ир╕▓р╕Зр╕Щр╣Йр╕нр╕в 2 р╕нр╕▓р╕Чр╕┤р╕Хр╕вр╣Мр╣Ар╕Юр╕╖р╣Ир╕нр╕Фр╕╣р╕Др╕зр╕▓р╕бр╣Ар╕Ыр╕ер╕╡р╣Ир╕вр╕Щр╣Бр╕Ыр╕ер╕З р╣Бр╕ер╣Йр╕зр╕Бр╣Зр╕Цр╣Ир╕▓р╕в before/after р╕Чр╕╕р╕Бр╕Др╕гр╕▒р╣Йр╕Зр╕Чр╕╡р╣Ир╕ер╕нр╕Зр╕кр╕Бр╕┤р╕Щр╣Бр╕Др╕гр╣Мр╣Гр╕лр╕бр╣И,р╕бр╕╡
"р╕лр╕Щр╣Йр╕▓р╕Ьр╕▓р╕Б, р╕Др╕▓р╕З",р╕лр╕Щр╣Йр╕▓р╕Ьр╕▓р╕Б, р╕Др╕▓р╕З,,,,р╕Ыр╕▓р╕Щр╕Бр╕ер╕▓р╕З,р╣Др╕бр╣Ир╣Ар╕Др╕вр╣Гр╕Кр╣Йр╕кр╕Бр╕┤р╕Щр╣Бр╕Др╕гр╣М,р╣Др╕бр╣Ир╣Ар╕Др╕вр╣Гр╕Кр╣Йр╕кр╕Бр╕┤р╕Щр╣Бр╕Др╕гр╣М,,,,,,,р╣Др╕бр╣Ир╣Ар╕Др╕вр╣Гр╕Кр╣Й,р╣Др╕бр╣Ир╣Ар╕Др╕вр╣Гр╕Кр╣Й,р╕бр╕╡
"р╕лр╕Щр╣Йр╕▓р╕Ьр╕▓р╕Б, р╣Бр╕Бр╣Йр╕б",р╕лр╕Щр╣Йр╕▓р╕Ьр╕▓р╕Б, р╣Бр╕Бр╣Йр╕б,,,,р╕Щр╣Йр╕нр╕вр╕бр╕▓р╕Б,"р╕Др╕гр╕╡р╕бр╕Ър╕│р╕гр╕╕р╕Зр╕Ьр╕┤р╕з, р╣Ар╕Лр╕гр╕▒р╣Ир╕б, р╕вр╕▓р╕гр╕▒р╕Бр╕йр╕▓р╕кр╕┤р╕з, р╕бр╕▓р╕кр╣Мр╕Бр╕лр╕Щр╣Йр╕▓, р╕Ьр╕ер╕┤р╕Хр╕ар╕▒р╕Ур╕Ср╣Мр╕ер╣Йр╕▓р╕Зр╣Ар╕Др╕гр╕╖р╣Ир╕нр╕Зр╕кр╕│р╕нр╕▓р╕З, р╣Вр╕Яр╕бр╕ер╣Йр╕▓р╕Зр╕лр╕Щр╣Йр╕▓",р╕Др╕гр╕╡р╕бр╕Ър╕│р╕гр╕╕р╕Зр╕Ьр╕┤р╕з, р╣Ар╕Лр╕гр╕▒р╣Ир╕б, р╕вр╕▓р╕гр╕▒р╕Бр╕йр╕▓р╕кр╕┤р╕з, р╕бр╕▓р╕кр╣Мр╕Бр╕лр╕Щр╣Йр╕▓, р╕Ьр╕ер╕┤р╕Хр╕ар╕▒р╕Ур╕Ср╣Мр╕ер╣Йр╕▓р╕Зр╣Ар╕Др╕гр╕╖р╣Ир╕нр╕Зр╕кр╕│р╕нр╕▓р╕З, р╣Вр╕Яр╕бр╕ер╣Йр╕▓р╕Зр╕лр╕Щр╣Йр╕▓,,р╕Фр╕╣р╕кр╣Ир╕зр╕Щр╕Ьр╕кр╕бр╕лр╕ер╕▒р╕Бр╣Гр╕Щр╕кр╕Бр╕┤р╕Щр╣Бр╕Др╕гр╣М р╣Гр╕лр╣Йр╣Ар╕лр╕бр╕▓р╕░р╕Бр╕▒р╕Ър╕Ыр╕▒р╕Нр╕лр╕▓р╕Ьр╕┤р╕зр╕Чр╕╡р╣Ир╣Ар╕Ир╕н,р╕Фр╕╡р╕Вр╕╢р╣Йр╕Щ - р╕лр╕Щр╣Йр╕▓р╣Гр╕кр╕Вр╕╢р╣Йр╕Щ р╣Бр╕вр╣Ир╕ер╕З - р╕бр╕╡р╕кр╕┤р╕зр╕Вр╕╢р╣Йр╕Щр╕Ър╣Ир╕нр╕в,р╕бр╕╡
р╣Бр╕Бр╣Йр╕б,р╣Бр╕Бр╣Йр╕б,,,,,р╕Ыр╕▓р╕Щр╕Бр╕ер╕▓р╕З,"р╕Др╕гр╕╡р╕бр╕Ър╕│р╕гр╕╕р╕Зр╕Ьр╕┤р╕з, р╣Ар╕Лр╕гр╕▒р╣Ир╕б, р╣Вр╕Яр╕бр╕ер╣Йр╕▓р╕Зр╕лр╕Щр╣Йр╕▓",р╕Др╕гр╕╡р╕бр╕Ър╕│р╕гр╕╕р╕Зр╕Ьр╕┤р╕з, р╣Ар╕Лр╕гр╕▒р╣Ир╕б, р╣Вр╕Яр╕бр╕ер╣Йр╕▓р╕Зр╕лр╕Щр╣Йр╕▓,,,,,р╕нр╣Ир╕▓р╕Щр╕Йр╕ер╕▓р╕Бр╕Вр╕нр╕Зр╕кр╕Бр╕┤р╕Щр╣Бр╕Др╕гр╣Мр╕Чр╕╡р╣Ир╕кр╕Щр╣Гр╕И,р╕Фр╕╣р╕Бр╕▓р╕гр╣Ар╕Ыр╕ер╕╡р╣Ир╕вр╕Щр╣Бр╕Ыр╕ер╕Зр╣Вр╕Фр╕вр╕Цр╣Ир╕▓р╕вр╕гр╕╣р╕Ы,р╣Др╕бр╣Ир╕бр╕╡
"р╕лр╕Щр╣Йр╕▓р╕Ьр╕▓р╕Б, р╣Бр╕Бр╣Йр╕б, р╕Вр╕бр╕▒р╕Ъ",р╕лр╕Щр╣Йр╕▓р╕Ьр╕▓р╕Б, р╣Бр╕Бр╣Йр╕б, р╕Вр╕бр╕▒р╕Ъ,,,р╕Ыр╕▓р╕Щр╕Бр╕ер╕▓р╕З,"р╕Др╕гр╕╡р╕бр╕Ър╕│р╕гр╕╕р╕Зр╕Ьр╕┤р╕з, р╣Ар╕Ир╕ер╕ер╣Йр╕▓р╕Зр╕лр╕Щр╣Йр╕▓",р╕Др╕гр╕╡р╕бр╕Ър╕│р╕гр╕╕р╕Зр╕Ьр╕┤р╕з, р╣Ар╕Ир╕ер╕ер╣Йр╕▓р╕Зр╕лр╕Щр╣Йр╕▓,,,,,,р╕Ир╕░р╣Ар╕Кр╣Зр╕Др╕кр╕ар╕▓р╕Юр╕Ьр╕┤р╕зр╕Хр╕▒р╣Йр╕Зр╣Бр╕Хр╣Ир╕лр╕ер╕▒р╕Зр╕ер╣Йр╕▓р╕Зр╕лр╕Щр╣Йр╕▓р╕Ир╕Щр╕Цр╕╢р╕Зр╕Бр╣Ир╕нр╕Щр╕ер╣Йр╕▓р╕Зр╕лр╕Щр╣Йр╕▓,"р╣Ар╕Кр╣Зр╕Др╣Ар╕Ыр╣Зр╕Щр╕гр╕░р╕вр╕░р╣Ж р╕Фр╕╣р╕зр╣Ир╕▓р╣Гр╕Кр╣Йр╣Бр╕ер╣Йр╕зр╣Бр╕Юр╣Й, р╣Ар╕Ыр╣Зр╕Щр╕Вр╕╕р╕в р╕лр╕гр╕╖р╕нр╣Ар╕лр╕Щр╕нр╕░р╕лр╕Щр╕░р╕лр╕гр╕╖р╕нр╣Др╕бр╣И",р╣Др╕бр╣Ир╕бр╕╡
р╣Бр╕Бр╣Йр╕б,р╣Бр╕Бр╣Йр╕б,,,,,р╕Ыр╕▓р╕Щр╕Бр╕ер╕▓р╕З,"р╣Ар╕Лр╕гр╕▒р╣Ир╕б, р╕бр╕▓р╕кр╣Мр╕Бр╕лр╕Щр╣Йр╕▓, р╣Вр╕Яр╕бр╕ер╣Йр╕▓р╕Зр╕лр╕Щр╣Йр╕▓",р╣Ар╕Лр╕гр╕▒р╣Ир╕б, р╕бр╕▓р╕кр╣Мр╕Бр╕лр╕Щр╣Йр╕▓, р╣Вр╕Яр╕бр╕ер╣Йр╕▓р╕Зр╕лр╕Щр╣Йр╕▓,,,,,р╕ер╕нр╕Зр╣Гр╕Кр╣Й,р╣Гр╕Кр╣Йр╕кр╕▒р╕Бр╕гр╕░р╕вр╕░,р╣Др╕бр╣Ир╕бр╕╡
р╕лр╕Щр╣Йр╕▓р╕Ьр╕▓р╕Б,р╕лр╕Щр╣Йр╕▓р╕Ьр╕▓р╕Б,,,,,р╕Щр╣Йр╕нр╕вр╕бр╕▓р╕Б,"р╕Др╕гр╕╡р╕бр╕Ър╕│р╕гр╕╕р╕Зр╕Ьр╕┤р╕з, р╣Вр╕Чр╕Щр╣Ар╕Щр╕нр╕гр╣М, р╣Ар╕Лр╕гр╕▒р╣Ир╕б, р╕вр╕▓р╕гр╕▒р╕Бр╕йр╕▓р╕кр╕┤р╕з, р╕бр╕▓р╕кр╣Мр╕Бр╕лр╕Щр╣Йр╕▓, р╕Ьр╕ер╕┤р╕Хр╕ар╕▒р╕Ур╕Ср╣Мр╕ер╣Йр╕▓р╕Зр╣Ар╕Др╕гр╕╖р╣Ир╕нр╕Зр╕кр╕│р╕нр╕▓р╕З, р╣Вр╕Яр╕бр╕ер╣Йр╕▓р╕Зр╕лр╕Щр╣Йр╕▓",р╕Др╕гр╕╡р╕бр╕Ър╕│р╕гр╕╕р╕Зр╕Ьр╕┤р╕з, р╣Вр╕Чр╕Щр╣Ар╕Щр╕нр╕гр╣М, р╣Ар╕Лр╕гр╕▒р╣Ир╕б, р╕вр╕▓р╕гр╕▒р╕Бр╕йр╕▓р╕кр╕┤р╕з, р╕бр╕▓р╕кр╣Мр╕Бр╕лр╕Щр╣Йр╕▓, р╕Ьр╕ер╕┤р╕Хр╕ар╕▒р╕Ур╕Ср╣Мр╕ер╣Йр╕▓р╕Зр╣Ар╕Др╕гр╕╖р╣Ир╕нр╕Зр╕кр╕│р╕нр╕▓р╕З, р╣Вр╕Яр╕бр╕ер╣Йр╕▓р╕Зр╕лр╕Щр╣Йр╕▓,р╕ир╕╢р╕Бр╕йр╕▓р╕Ир╕▓р╕Бр╕нр╕┤р╕Щр╣Ар╕Чр╕нр╕гр╣Мр╣Ар╕Щр╣Зр╕Х р╕Фр╕╣р╕гр╕╡р╕зр╕┤р╕з р╕ер╕нр╕Зр╕Ьр╕┤р╕Фр╕ер╕нр╕Зр╕Цр╕╣р╕Б ,р╣Др╕бр╣Ир╣Гр╕Кр╣Йр╕Др╕гр╕╡р╕бр╕бр╕▓р╕Бр╣Ар╕Бр╕┤р╕Щр╣Ар╕Юр╕гр╕▓р╕░р╣Ар╕гр╕▓р╕Ир╕░р╣Др╕бр╣Ир╕гр╕╣р╣Йр╕зр╣Ир╕▓р╣Ар╕гр╕▓р╣Ар╕лр╕бр╕▓р╕░р╕лр╕гр╕╖р╕нр╣Др╕бр╣Ир╣Ар╕лр╕бр╕▓р╕░р╕Бр╕▒р╕Ър╕Др╕гр╕╡р╕бр╕Хр╕▒р╕зр╣Др╕лр╕Щ,р╕бр╕╡
"р╕лр╕Щр╣Йр╕▓р╕Ьр╕▓р╕Б, р╣Бр╕Бр╣Йр╕б, р╕Ир╕бр╕╣р╕Б",р╕лр╕Щр╣Йр╕▓р╕Ьр╕▓р╕Б, р╣Бр╕Бр╣Йр╕б, р╕Ир╕бр╕╣р╕Б,,,р╕Ыр╕▓р╕Щр╕Бр╕ер╕▓р╕З,"р╕вр╕▓р╕гр╕▒р╕Бр╕йр╕▓р╕кр╕┤р╕з, р╕бр╕▓р╕кр╣Мр╕Бр╕лр╕Щр╣Йр╕▓, р╣Вр╕Яр╕бр╕ер╣Йр╕▓р╕Зр╕лр╕Щр╣Йр╕▓",р╕вр╕▓р╕гр╕▒р╕Бр╕йр╕▓р╕кр╕┤р╕з, р╕бр╕▓р╕кр╣Мр╕Бр╕лр╕Щр╣Йр╕▓, р╣Вр╕Яр╕бр╕ер╣Йр╕▓р╕Зр╕лр╕Щр╣Йр╕▓,,,,,р╣Др╕бр╣Ир╕гр╕╣р╣Й,р╕кр╕▒р╕Зр╣Ар╕Бр╕Хр╕Чр╕╕р╕Бр╕зр╕▒р╕Щр╕зр╣Ир╕▓р╕кр╕┤р╕зр╕лр╕▓р╕вр╕гр╕╢р╕вр╕▒р╕З,р╣Др╕бр╣Ир╕бр╕╡
р╕лр╕Щр╣Йр╕▓р╕Ьр╕▓р╕Б,р╕лр╕Щр╣Йр╕▓р╕Ьр╕▓р╕Б,,,,,р╕Ыр╕▓р╕Щр╕Бр╕ер╕▓р╕З,"р╣Ар╕Лр╕гр╕▒р╣Ир╕б, р╣Вр╕Яр╕бр╕ер╣Йр╕▓р╕Зр╕лр╕Щр╣Йр╕▓",р╣Ар╕Лр╕гр╕▒р╣Ир╕б, р╣Вр╕Яр╕бр╕ер╣Йр╕▓р╕Зр╕лр╕Щр╣Йр╕▓,,,,,,р╣Др╕бр╣Ир╣Бр╕Щр╣Ир╣Гр╕И р╕Фр╕╣р╕гр╕╡р╕зр╕┤р╕зр╣Бр╕ер╣Йр╕зр╕лр╕▓р╣Гр╕Кр╣Йр╕Хр╕▓р╕бр╕гр╕╡р╕зр╕┤р╕з,р╕Фр╕╣р╕зр╣Ир╕▓р╕бр╕╡р╕кр╕┤р╕зр╣Ар╕Юр╕┤р╣Ир╕бр╣Др╕лр╕б,р╣Др╕бр╣Ир╕бр╕╡
"р╕лр╕Щр╣Йр╕▓р╕Ьр╕▓р╕Б, р╣Бр╕Бр╣Йр╕б, р╕Др╕▓р╕З, р╕Ир╕бр╕╣р╕Б, р╕гр╕нр╕Ър╕Ыр╕▓р╕Б",р╕лр╕Щр╣Йр╕▓р╕Ьр╕▓р╕Б, р╣Бр╕Бр╣Йр╕б, р╕Др╕▓р╕З, р╕Ир╕бр╕╣р╕Б, р╕гр╕нр╕Ър╕Ыр╕▓р╕Б,р╕Щр╣Йр╕нр╕вр╕бр╕▓р╕Б,"р╕Др╕гр╕╡р╕бр╕Ър╕│р╕гр╕╕р╕Зр╕Ьр╕┤р╕з, р╕бр╕▓р╕кр╣Мр╕Бр╕лр╕Щр╣Йр╕▓, р╕Ьр╕ер╕┤р╕Хр╕ар╕▒р╕Ур╕Ср╣Мр╕ер╣Йр╕▓р╕Зр╣Ар╕Др╕гр╕╖р╣Ир╕нр╕Зр╕кр╕│р╕нр╕▓р╕З, р╣Вр╕Яр╕бр╕ер╣Йр╕▓р╕Зр╕лр╕Щр╣Йр╕▓",р╕Др╕гр╕╡р╕бр╕Ър╕│р╕гр╕╕р╕Зр╕Ьр╕┤р╕з, р╕бр╕▓р╕кр╣Мр╕Бр╕лр╕Щр╣Йр╕▓, р╕Ьр╕ер╕┤р╕Хр╕ар╕▒р╕Ур╕Ср╣Мр╕ер╣Йр╕▓р╕Зр╣Ар╕Др╕гр╕╖р╣Ир╕нр╕Зр╕кр╕│р╕нр╕▓р╕З, р╣Вр╕Яр╕бр╕ер╣Йр╕▓р╕Зр╕лр╕Щр╣Йр╕▓,,,,р╣Др╕бр╣Ир╕бр╕╡ р╣Гр╕Кр╣Йр╕Хр╕▓р╕бр╕Бр╕гр╕░р╣Бр╕к,р╕ер╕нр╕Зр╣Гр╕Кр╣Йр╣Ар╕Ыр╣Зр╕Щр╣Ар╕зр╕ер╕▓р╕лр╕ер╕▓р╕вр╕зр╕▒р╕Щ,р╕бр╕╡
"р╕лр╕Щр╣Йр╕▓р╕Ьр╕▓р╕Б, р╣Бр╕Бр╣Йр╕б",р╕лр╕Щр╣Йр╕▓р╕Ьр╕▓р╕Б, р╣Бр╕Бр╣Йр╕б,,,,р╕Ыр╕▓р╕Щр╕Бр╕ер╕▓р╕З,"р╣Ар╕Лр╕гр╕▒р╣Ир╕б, р╕бр╕▓р╕кр╣Мр╕Бр╕лр╕Щр╣Йр╕▓, р╕Ьр╕ер╕┤р╕Хр╕ар╕▒р╕Ур╕Ср╣Мр╕ер╣Йр╕▓р╕Зр╣Ар╕Др╕гр╕╖р╣Ир╕нр╕Зр╕кр╕│р╕нр╕▓р╕З, р╣Вр╕Яр╕бр╕ер╣Йр╕▓р╕Зр╕лр╕Щр╣Йр╕▓",р╣Ар╕Лр╕гр╕▒р╣Ир╕б, р╕бр╕▓р╕кр╣Мр╕Бр╕лр╕Щр╣Йр╕▓, р╕Ьр╕ер╕┤р╕Хр╕ар╕▒р╕Ур╕Ср╣Мр╕ер╣Йр╕▓р╕Зр╣Ар╕Др╕гр╕╖р╣Ир╕нр╕Зр╕кр╕│р╕нр╕▓р╕З, р╣Вр╕Яр╕бр╕ер╣Йр╕▓р╕Зр╕лр╕Щр╣Йр╕▓,,,,р╕нр╣Ир╕▓р╕Щр╕Др╕│р╣Бр╕Щр╕░р╕Щр╕│,р╕Цр╣Йр╕▓р╕Фр╕╡р╕Вр╕╢р╣Йр╕Щр╕Бр╣Зр╣Гр╕Кр╣Йр╕Хр╣Ир╕н р╕Цр╣Йр╕▓р╣Бр╕вр╣Ир╕ер╕Зр╕Бр╣Зр╕лр╕вр╕╕р╕Фр╣Гр╕Кр╣Й,р╕бр╕╡
р╣Бр╕Бр╣Йр╕б,р╣Бр╕Бр╣Йр╕б,,,,,р╕Щр╣Йр╕нр╕вр╕бр╕▓р╕Б,"р╕Др╕гр╕╡р╕бр╕Ър╕│р╕гр╕╕р╕Зр╕Ьр╕┤р╕з, р╕вр╕▓р╕гр╕▒р╕Бр╕йр╕▓р╕кр╕┤р╕з, р╕бр╕▓р╕кр╣Мр╕Бр╕лр╕Щр╣Йр╕▓, р╣Вр╕Яр╕бр╕ер╣Йр╕▓р╕Зр╕лр╕Щр╣Йр╕▓",р╕Др╕гр╕╡р╕бр╕Ър╕│р╕гр╕╕р╕Зр╕Ьр╕┤р╕з, р╕вр╕▓р╕гр╕▒р╕Бр╕йр╕▓р╕кр╕┤р╕з, р╕бр╕▓р╕кр╣Мр╕Бр╕лр╕Щр╣Йр╕▓, р╣Вр╕Яр╕бр╕ер╣Йр╕▓р╕Зр╕лр╕Щр╣Йр╕▓,,,,р╕ер╕нр╕Зр╣Гр╕Кр╣Йр╕Др╕гр╕▒р╕Ъ,р╕ер╕нр╕Зр╣Гр╕Кр╣Йр╣Бр╕ер╣Йр╕зр╕лр╕вр╕╕р╕Ф,р╕бр╕╡
"р╣Бр╕Бр╣Йр╕б, р╕Ир╕бр╕╣р╕Б",р╣Бр╕Бр╣Йр╕б, р╕Ир╕бр╕╣р╕Б,,,,р╕Ыр╕▓р╕Щр╕Бр╕ер╕▓р╕З,"р╕Др╕гр╕╡р╕бр╕Ър╕│р╕гр╕╕р╕Зр╕Ьр╕┤р╕з, р╣Вр╕Чр╕Щр╣Ар╕Щр╕нр╕гр╣М, р╣Ар╕Лр╕гр╕▒р╣Ир╕б, р╕вр╕▓р╕гр╕▒р╕Бр╕йр╕▓р╕кр╕┤р╕з, р╕Ьр╕ер╕┤р╕Хр╕ар╕▒р╕Ур╕Ср╣Мр╕ер╣Йр╕▓р╕Зр╣Ар╕Др╕гр╕╖р╣Ир╕нр╕Зр╕кр╕│р╕нр╕▓р╕З, р╣Вр╕Яр╕бр╕ер╣Йр╕▓р╕Зр╕лр╕Щр╣Йр╕▓",р╕Др╕гр╕╡р╕бр╕Ър╕│р╕гр╕╕р╕Зр╕Ьр╕┤р╕з, р╣Вр╕Чр╕Щр╣Ар╕Щр╕нр╕гр╣М, р╣Ар╕Лр╕гр╕▒р╣Ир╕б, р╕вр╕▓р╕гр╕▒р╕Бр╕йр╕▓р╕кр╕┤р╕з, р╕Ьр╕ер╕┤р╕Хр╕ар╕▒р╕Ур╕Ср╣Мр╕ер╣Йр╕▓р╕Зр╣Ар╕Др╕гр╕╖р╣Ир╕нр╕Зр╕кр╕│р╕нр╕▓р╕З, р╣Вр╕Яр╕бр╕ер╣Йр╕▓р╕Зр╕лр╕Щр╣Йр╕▓,,р╕Фр╕╣р╕Ир╕▓р╕Бр╕кр╣Ир╕зр╕Щр╕Ьр╕кр╕бр╣Гр╕Щр╕Хр╕▒р╕зр╕вр╕▓р╕Щр╕▒р╣Йр╕Щр╣Ж,р╕Цр╣Ир╕▓р╕вр╕ар╕▓р╕Юр╕лр╕Щр╣Йр╕▓р╕Хр╕▒р╕зр╣Ар╕нр╕Зр╕Чр╕╕р╕Бр╕зр╕╡р╕Д р╣Ар╕Юр╕╖р╣Ир╕нр╕Фр╕╣р╕Бр╕▓р╕гр╣Ар╕Ыр╕ер╕╡р╣Ир╕вр╕Щр╣Бр╕Ыр╕ер╕З,р╣Др╕бр╣Ир╕бр╕╡
"р╣Бр╕Бр╣Йр╕б, р╕Др╕▓р╕З",р╣Бр╕Бр╣Йр╕б, р╕Др╕▓р╕З,,,,р╕гр╕╕р╕Щр╣Бр╕гр╕З,"р╕Др╕гр╕╡р╕бр╕Ър╕│р╕гр╕╕р╕Зр╕Ьр╕┤р╕з, р╣Ар╕Лр╕гр╕▒р╣Ир╕б, р╕вр╕▓р╕гр╕▒р╕Бр╕йр╕▓р╕кр╕┤р╕з, р╕бр╕▓р╕кр╣Мр╕Бр╕лр╕Щр╣Йр╕▓, р╣Вр╕Яр╕бр╕ер╣Йр╕▓р╕Зр╕лр╕Щр╣Йр╕▓",р╕Др╕гр╕╡р╕бр╕Ър╕│р╕гр╕╕р╕Зр╕Ьр╕┤р╕з, р╣Ар╕Лр╕гр╕▒р╣Ир╕б, р╕вр╕▓р╕гр╕▒р╕Бр╕йр╕▓р╕кр╕┤р╕з, р╕бр╕▓р╕кр╣Мр╕Бр╕лр╕Щр╣Йр╕▓, р╣Вр╕Яр╕бр╕ер╣Йр╕▓р╕Зр╕лр╕Щр╣Йр╕▓,,,р╕нр╣Ир╕▓р╕Щр╕Йр╕ер╕▓р╕Бр╕Ьр╕ер╕┤р╕Хр╕ар╕▒р╕Ур╕Ср╣М р╕лр╕▓р╕Вр╣Йр╕нр╕бр╕╣р╕ер╕Вр╕нр╕Зр╕кр╣Ир╕зр╕Щр╕Ыр╕гр╕░р╕Бр╕нр╕Ър╕Ьр╕ер╕┤р╕Хр╕ар╕▒р╕Ур╕Ср╣Мр╣Ар╕Юр╕┤р╣Ир╕бр╣Ар╕Хр╕┤р╕б,р╕Хр╕┤р╕Фр╕Хр╕▓р╕бр╕Ьр╕ер╕лр╕ер╕▒р╕Зр╕Ир╕▓р╕Бр╣Гр╕Кр╣Й3р╣Ар╕Фр╕╖р╕нр╕Щ,р╣Др╕бр╣Ир╕бр╕╡
"р╕лр╕Щр╣Йр╕▓р╕Ьр╕▓р╕Б, р╣Бр╕Бр╣Йр╕б",р╕лр╕Щр╣Йр╕▓р╕Ьр╕▓р╕Б, р╣Бр╕Бр╣Йр╕б,,,,р╕Ыр╕▓р╕Щр╕Бр╕ер╕▓р╕З,"р╕Др╕гр╕╡р╕бр╕Ър╕│р╕гр╕╕р╕Зр╕Ьр╕┤р╕з, р╣Ар╕Лр╕гр╕▒р╣Ир╕б, р╕вр╕▓р╕гр╕▒р╕Бр╕йр╕▓р╕кр╕┤р╕з, р╕бр╕▓р╕кр╣Мр╕Бр╕лр╕Щр╣Йр╕▓, р╣Вр╕Яр╕бр╕ер╣Йр╕▓р╕Зр╕лр╕Щр╣Йр╕▓",р╕Др╕гр╕╡р╕бр╕Ър╕│р╕гр╕╕р╕Зр╕Ьр╕┤р╕з, р╣Ар╕Лр╕гр╕▒р╣Ир╕б, р╕вр╕▓р╕гр╕▒р╕Бр╕йр╕▓р╕кр╕┤р╕з, р╕бр╕▓р╕кр╣Мр╕Бр╕лр╕Щр╣Йр╕▓, р╣Вр╕Яр╕бр╕ер╣Йр╕▓р╕Зр╕лр╕Щр╣Йр╕▓,,,р╕нр╣Ир╕▓р╕Щр╕лр╕гр╕╖р╕нр╕ир╕╢р╕Бр╕йр╕▓ р╕Др╕│р╣Бр╕Щр╕░р╕Щр╕│р╕Бр╕▒р╕Ър╕кр╣Ир╕зр╕Щр╕Ьр╕кр╕бр╣Гр╕Щр╕кр╕Бр╕┤р╕Щр╣Бр╕Др╕гр╣Мр╕зр╣Ир╕▓р╣Ар╕лр╕бр╕▓р╕░р╕Бр╕▒р╕Ър╕кр╕ар╕▓р╕Юр╕Ьр╕┤р╕зр╕лр╕гр╕╖р╕нр╣Др╕бр╣И,р╣Ар╕Кр╣Зр╕Др╕кр╕ар╕▓р╕Юр╕Ьр╕┤р╕зр╕лр╕Щр╣Йр╕▓р╣Ар╕Ыр╣Зр╕Щр╕Ыр╕гр╕░р╕Ир╕│ р╣Бр╕ер╕░р╕░р╕Ыр╕гр╕╢р╕Бр╕йр╕▓р╣Бр╕Юр╕Чр╕вр╣М,р╣Др╕бр╣Ир╕бр╕╡
"р╕лр╕Щр╣Йр╕▓р╕Ьр╕▓р╕Б, р╣Бр╕Бр╣Йр╕б",р╕лр╕Щр╣Йр╕▓р╕Ьр╕▓р╕Б, р╣Бр╕Бр╣Йр╕б,,,,р╕Ыр╕▓р╕Щр╕Бр╕ер╕▓р╕З,"р╕Др╕гр╕╡р╕бр╕Ър╕│р╕гр╕╕р╕Зр╕Ьр╕┤р╕з, р╣Вр╕Чр╕Щр╣Ар╕Щр╕нр╕гр╣М, р╕Ьр╕ер╕┤р╕Хр╕ар╕▒р╕Ур╕Ср╣Мр╕ер╣Йр╕▓р╕Зр╣Ар╕Др╕гр╕╖р╣Ир╕нр╕Зр╕кр╕│р╕нр╕▓р╕З, р╣Вр╕Яр╕бр╕ер╣Йр╕▓р╕Зр╕лр╕Щр╣Йр╕▓",р╕Др╕гр╕╡р╕бр╕Ър╕│р╕гр╕╕р╕Зр╕Ьр╕┤р╕з, р╣Вр╕Чр╕Щр╣Ар╕Щр╕нр╕гр╣М, р╕Ьр╕ер╕┤р╕Хр╕ар╕▒р╕Ур╕Ср╣Мр╕ер╣Йр╕▓р╕Зр╣Ар╕Др╕гр╕╖р╣Ир╕нр╕Зр╕кр╕│р╕нр╕▓р╕З, р╣Вр╕Яр╕бр╕ер╣Йр╕▓р╕Зр╕лр╕Щр╣Йр╕▓,,,,р╕нр╣Ир╕▓р╕Щр╕кр╣Ир╕зр╕Щр╕Ьр╕кр╕б р╣Бр╕ер╣Йр╕зр╕Бр╣Зр╕Вр╕нр╕Др╕│р╣Бр╕Щр╕░р╕Щр╕│р╕Ир╕▓р╕Бр╕Др╕Щр╕Вр╕▓р╕в,р╕Цр╣Ир╕▓р╕вр╕ар╕▓р╕Юр╕Бр╣Ир╕нр╕Щр╣Гр╕Кр╣Йр╣Бр╕ер╕░р╕лр╕ер╕▒р╕Зр╣Гр╕Кр╣Й,р╣Др╕бр╣Ир╕бр╕╡
"р╕лр╕Щр╣Йр╕▓р╕Ьр╕▓р╕Б, р╕Ир╕бр╕╣р╕Б",р╕лр╕Щр╣Йр╕▓р╕Ьр╕▓р╕Б, р╕Ир╕бр╕╣р╕Б,,,,р╕Ыр╕▓р╕Щр╕Бр╕ер╕▓р╕З,"р╕Др╕гр╕╡р╕бр╕Ър╕│р╕гр╕╕р╕Зр╕Ьр╕┤р╕з, р╣Ар╕Лр╕гр╕▒р╣Ир╕б, р╣Вр╕Яр╕бр╕ер╣Йр╕▓р╕Зр╕лр╕Щр╣Йр╕▓",р╕Др╕гр╕╡р╕бр╕Ър╕│р╕гр╕╕р╕Зр╕Ьр╕┤р╕з, р╣Ар╕Лр╕гр╕▒р╣Ир╕б, р╣Вр╕Яр╕бр╕ер╣Йр╕▓р╕Зр╕лр╕Щр╣Йр╕▓,,,,,р╕ир╕╢р╕Бр╕йр╕▓р╕Ир╕▓р╕Бр╕гр╕▓р╕вр╕ер╕░р╣Ар╕нр╕╡р╕вр╕Фр╕Ьр╕ер╕┤р╕Хр╕ар╕▒р╕Ур╕Ср╣М,р╕Др╕зр╕▓р╕бр╕гр╕╣р╣Йр╕кр╕╢р╕Бр╣Ар╕бр╕╖р╣Ир╕нр╣Гр╕Кр╣Й р╣Бр╕ер╕░р╕Др╕нр╕вр╣Ар╕Кр╣Зр╕Др╕кр╕ар╕▓р╕Юр╕Ьр╕┤р╕зр╕Чр╕╕р╕Бр╣Жр╕зр╕▒р╕Щ,р╣Др╕бр╣Ир╕бр╕╡
"р╕лр╕Щр╣Йр╕▓р╕Ьр╕▓р╕Б, р╣Бр╕Бр╣Йр╕б, р╕Др╕▓р╕З, р╕Ир╕бр╕╣р╕Б, р╕гр╕нр╕Ър╕Ыр╕▓р╕Б",р╕лр╕Щр╣Йр╕▓р╕Ьр╕▓р╕Б, р╣Бр╕Бр╣Йр╕б, р╕Др╕▓р╕З, р╕Ир╕бр╕╣р╕Б, р╕гр╕нр╕Ър╕Ыр╕▓р╕Б,р╕Ыр╕▓р╕Щр╕Бр╕ер╕▓р╕З,"р╕Др╕гр╕╡р╕бр╕Ър╕│р╕гр╕╕р╕Зр╕Ьр╕┤р╕з, р╣Вр╕Чр╕Щр╣Ар╕Щр╕нр╕гр╣М, р╕вр╕▓р╕гр╕▒р╕Бр╕йр╕▓р╕кр╕┤р╕з, р╕бр╕▓р╕кр╣Мр╕Бр╕лр╕Щр╣Йр╕▓, р╕Ьр╕ер╕┤р╕Хр╕ар╕▒р╕Ур╕Ср╣Мр╕ер╣Йр╕▓р╕Зр╣Ар╕Др╕гр╕╖р╣Ир╕нр╕Зр╕кр╕│р╕нр╕▓р╕З, р╣Вр╕Яр╕бр╕ер╣Йр╕▓р╕Зр╕лр╕Щр╣Йр╕▓",р╕Др╕гр╕╡р╕бр╕Ър╕│р╕гр╕╕р╕Зр╕Ьр╕┤р╕з, р╣Вр╕Чр╕Щр╣Ар╕Щр╕нр╕гр╣М, р╕вр╕▓р╕гр╕▒р╕Бр╕йр╕▓р╕кр╕┤р╕з, р╕бр╕▓р╕кр╣Мр╕Бр╕лр╕Щр╣Йр╕▓, р╕Ьр╕ер╕┤р╕Хр╕ар╕▒р╕Ур╕Ср╣Мр╕ер╣Йр╕▓р╕Зр╣Ар╕Др╕гр╕╖р╣Ир╕нр╕Зр╕кр╕│р╕нр╕▓р╕З, р╣Вр╕Яр╕бр╕ер╣Йр╕▓р╕Зр╕лр╕Щр╣Йр╕▓,,р╕Цр╕▓р╕бр╕Ьр╕╣р╣Йр╣Ар╕Кр╕╡р╣Ир╕вр╕зр╕Кр╕▓р╕Н,р╕Др╣Ир╕нр╕вр╕Хр╕▓р╕бр╕кр╕▒р╕Зр╣Ар╕Бр╕Хр╕╕р╕Ьр╕┤р╕зр╕лр╕Щр╣Йр╕▓р╣Ар╕Ыр╣Зр╕Щр╕гр╕░р╕вр╕░р╣Ж,р╕бр╕╡
"р╕лр╕Щр╣Йр╕▓р╕Ьр╕▓р╕Б, р╣Бр╕Бр╣Йр╕б, р╕гр╕нр╕Ър╕Ыр╕▓р╕Б",р╕лр╕Щр╣Йр╕▓р╕Ьр╕▓р╕Б, р╣Бр╕Бр╣Йр╕б, р╕гр╕нр╕Ър╕Ыр╕▓р╕Б,,,р╕Ыр╕▓р╕Щр╕Бр╕ер╕▓р╕З,"р╕бр╕▓р╕кр╣Мр╕Бр╕лр╕Щр╣Йр╕▓, р╕Ьр╕ер╕┤р╕Хр╕ар╕▒р╕Ур╕Ср╣Мр╕ер╣Йр╕▓р╕Зр╣Ар╕Др╕гр╕╖р╣Ир╕нр╕Зр╕кр╕│р╕нр╕▓р╕З, р╣Вр╕Яр╕бр╕ер╣Йр╕▓р╕Зр╕лр╕Щр╣Йр╕▓",р╕бр╕▓р╕кр╣Мр╕Бр╕лр╕Щр╣Йр╕▓, р╕Ьр╕ер╕┤р╕Хр╕ар╕▒р╕Ур╕Ср╣Мр╕ер╣Йр╕▓р╕Зр╣Ар╕Др╕гр╕╖р╣Ир╕нр╕Зр╕кр╕│р╕нр╕▓р╕З, р╣Вр╕Яр╕бр╕ер╣Йр╕▓р╕Зр╕лр╕Щр╣Йр╕▓,,,,,р╕нр╣Ир╕▓р╕Щр╕Ир╕▓р╕Бр╕кр╣Ир╕зр╕Щр╕Ьр╕кр╕б р╣Бр╕ер╕░р╕ир╕╢р╕Бр╕йр╕▓р╕Ир╕▓р╕Бр╕Ьр╕╣р╣Йр╣Ар╕Кр╕╡р╣Ир╕вр╕зр╕Кр╕▓р╕Нр╣Гр╕Щр╕вр╕╣р╕Чр╕╣р╕Ы,р╕лр╕ер╕▒р╕Зр╕Ир╕▓р╕Бр╕Бр╕▓р╕гр╣Гр╕Кр╣Йр╕Ыр╕гр╕░р╕бр╕▓р╕У1р╕нр╕▓р╕Чр╕┤р╕Хр╕вр╣Мр╕Вр╕╢р╣Йр╕Щр╣Др╕Ы,р╕бр╕╡
"р╕лр╕Щр╣Йр╕▓р╕Ьр╕▓р╕Б, р╕Ир╕бр╕╣р╕Б",р╕лр╕Щр╣Йр╕▓р╕Ьр╕▓р╕Б, р╕Ир╕бр╕╣р╕Б,,,,р╕Ыр╕▓р╕Щр╕Бр╕ер╕▓р╕З,"р╕Др╕гр╕╡р╕бр╕Ър╕│р╕гр╕╕р╕Зр╕Ьр╕┤р╕з, р╣Вр╕Чр╕Щр╣Ар╕Щр╕нр╕гр╣М, р╣Ар╕Лр╕гр╕▒р╣Ир╕б, р╕вр╕▓р╕гр╕▒р╕Бр╕йр╕▓р╕кр╕┤р╕з",р╕Др╕гр╕╡р╕бр╕Ър╕│р╕гр╕╕р╕Зр╕Ьр╕┤р╕з, р╣Вр╕Чр╕Щр╣Ар╕Щр╕нр╕гр╣М, р╣Ар╕Лр╕гр╕▒р╣Ир╕б, р╕вр╕▓р╕гр╕▒р╕Бр╕йр╕▓р╕кр╕┤р╕з,,,,р╕Др╕│р╣Бр╕Щр╕░р╕Щр╕│р╕Ир╕▓р╕Б counter brand ,р╕Фр╕╣,р╣Др╕бр╣Ир╕бр╕╡
"р╕лр╕Щр╣Йр╕▓р╕Ьр╕▓р╕Б, р╣Бр╕Бр╣Йр╕б, р╕Др╕▓р╕З",р╕лр╕Щр╣Йр╕▓р╕Ьр╕▓р╕Б, р╣Бр╕Бр╣Йр╕б, р╕Др╕▓р╕З,,,р╕гр╕╕р╕Щр╣Бр╕гр╕З,"р╕Др╕гр╕╡р╕бр╕Ър╕│р╕гр╕╕р╕Зр╕Ьр╕┤р╕з, р╣Ар╕Лр╕гр╕▒р╣Ир╕б, р╕вр╕▓р╕гр╕▒р╕Бр╕йр╕▓р╕кр╕┤р╕з, р╕бр╕▓р╕кр╣Мр╕Бр╕лр╕Щр╣Йр╕▓, р╕Ьр╕ер╕┤р╕Хр╕ар╕▒р╕Ур╕Ср╣Мр╕ер╣Йр╕▓р╕Зр╣Ар╕Др╕гр╕╖р╣Ир╕нр╕Зр╕кр╕│р╕нр╕▓р╕З, р╣Вр╕Яр╕бр╕ер╣Йр╕▓р╕Зр╕лр╕Щр╣Йр╕▓",р╕Др╕гр╕╡р╕бр╕Ър╕│р╕гр╕╕р╕Зр╕Ьр╕┤р╕з, р╣Ар╕Лр╕гр╕▒р╣Ир╕б, р╕вр╕▓р╕гр╕▒р╕Бр╕йр╕▓р╕кр╕┤р╕з, р╕бр╕▓р╕кр╣Мр╕Бр╕лр╕Щр╣Йр╕▓, р╕Ьр╕ер╕┤р╕Хр╕ар╕▒р╕Ур╕Ср╣Мр╕ер╣Йр╕▓р╕Зр╣Ар╕Др╕гр╕╖р╣Ир╕нр╕Зр╕кр╕│р╕нр╕▓р╕З, р╣Вр╕Яр╕бр╕ер╣Йр╕▓р╕Зр╕лр╕Щр╣Йр╕▓,,р╣Гр╕Кр╣Йр╕Хр╕▓р╕бр╕нр╕┤р╕Щр╕Яр╕ер╕╣,р╕гр╕нр╕Фр╕╣р╣Др╕Ыр╣Ар╕гр╕╖р╣Ир╕нр╕вр╣Жр╕Цр╣Йр╕▓р╣Вр╕нр╣Ар╕Др╕Бр╣Зр╣Гр╕Кр╣Йр╕Хр╣Ир╕н,р╣Др╕бр╣Ир╕бр╕╡
р╕Др╕▓р╕З,р╕Др╕▓р╕З,,,,,р╕Ыр╕▓р╕Щр╕Бр╕ер╕▓р╕З,"р╕Др╕гр╕╡р╕бр╕Ър╕│р╕гр╕╕р╕Зр╕Ьр╕┤р╕з, р╣Ар╕Лр╕гр╕▒р╣Ир╕б, р╕бр╕▓р╕кр╣Мр╕Бр╕лр╕Щр╣Йр╕▓, р╕Ьр╕ер╕┤р╕Хр╕ар╕▒р╕Ур╕Ср╣Мр╕ер╣Йр╕▓р╕Зр╣Ар╕Др╕гр╕╖р╣Ир╕нр╕Зр╕кр╕│р╕нр╕▓р╕З, р╣Вр╕Яр╕бр╕ер╣Йр╕▓р╕Зр╕лр╕Щр╣Йр╕▓",р╕Др╕гр╕╡р╕бр╕Ър╕│р╕гр╕╕р╕Зр╕Ьр╕┤р╕з, р╣Ар╕Лр╕гр╕▒р╣Ир╕б, р╕бр╕▓р╕кр╣Мр╕Бр╕лр╕Щр╣Йр╕▓, р╕Ьр╕ер╕┤р╕Хр╕ар╕▒р╕Ур╕Ср╣Мр╕ер╣Йр╕▓р╕Зр╣Ар╕Др╕гр╕╖р╣Ир╕нр╕Зр╕кр╕│р╕нр╕▓р╕З, р╣Вр╕Яр╕бр╕ер╣Йр╕▓р╕Зр╕лр╕Щр╣Йр╕▓,,,р╕Фр╕╣р╕кр╕▓р╕гр╕лр╕ер╕▒р╕Зр╕Йр╕ер╕▓р╕Б,р╕кр╕▒р╕Зр╣Ар╕Бр╕Хр╕Ьр╕е 1 р╣Ар╕Фр╕╖р╕нр╕Щ,р╕бр╕╡
"р╕лр╕Щр╣Йр╕▓р╕Ьр╕▓р╕Б, р╣Бр╕Бр╣Йр╕б",р╕лр╕Щр╣Йр╕▓р╕Ьр╕▓р╕Б, р╣Бр╕Бр╣Йр╕б,,,,р╕Ыр╕▓р╕Щр╕Бр╕ер╕▓р╕З,р╣Вр╕Яр╕бр╕ер╣Йр╕▓р╕Зр╕лр╕Щр╣Йр╕▓,р╣Вр╕Яр╕бр╕ер╣Йр╕▓р╕Зр╕лр╕Щр╣Йр╕▓,,,,,,,р╣Др╕бр╣Ир╣Ар╕Др╕в,р╕лр╕Щр╣Йр╕▓р╕лр╕▓р╕вр╕бр╕▒р╕Щ,р╣Др╕бр╣Ир╕бр╕╡
"р╣Бр╕Бр╣Йр╕б, р╕гр╕нр╕Ър╕Ыр╕▓р╕Б",р╣Бр╕Бр╣Йр╕б, р╕гр╕нр╕Ър╕Ыр╕▓р╕Б,,,,р╕Ыр╕▓р╕Щр╕Бр╕ер╕▓р╕З,р╣Др╕бр╣Ир╣Ар╕Др╕вр╣Гр╕Кр╣Йр╕кр╕Бр╕┤р╕Щр╣Бр╕Др╕гр╣М,р╣Др╕бр╣Ир╣Ар╕Др╕вр╣Гр╕Кр╣Йр╕кр╕Бр╕┤р╕Щр╣Бр╕Др╕гр╣М,,,,,,,р╣Др╕бр╣Ир╕Чр╕гр╕▓р╕Ъ,р╣Др╕бр╣Ир╕Чр╕гр╕▓р╕Ъ,р╣Др╕бр╣Ир╕бр╕╡
"р╣Бр╕Бр╣Йр╕б, р╕Др╕▓р╕З",р╣Бр╕Бр╣Йр╕б, р╕Др╕▓р╕З,,,,р╕Ыр╕▓р╕Щр╕Бр╕ер╕▓р╕З,р╣Вр╕Яр╕бр╕ер╣Йр╕▓р╕Зр╕лр╕Щр╣Йр╕▓,р╣Вр╕Яр╕бр╕ер╣Йр╕▓р╕Зр╕лр╕Щр╣Йр╕▓,,,,,,,р╣Др╕бр╣Ир╣Ар╕Др╕вр╣Др╕Фр╣Йр╕кр╕▒р╕Зр╣Ар╕Бр╕Х,р╕Цр╣Йр╕▓р╕кр╕┤р╕зр╕ер╕Фр╕ер╕Зр╕лр╕гр╕╖р╕нр╕лр╕Щр╣Йр╕▓р╕бр╕▒р╕Щр╕Щр╣Йр╕нр╕вр╕ер╕Зр╕Др╕╖р╕нр╣Вр╕нр╣Ар╕Д,р╣Др╕бр╣Ир╕бр╕╡
р╣Бр╕Бр╣Йр╕б,р╣Бр╕Бр╣Йр╕б,,,,,р╕гр╕╕р╕Щр╣Бр╕гр╕З,р╣Ар╕Лр╕гр╕▒р╣Ир╕б,р╣Ар╕Лр╕гр╕▒р╣Ир╕б,,,,,,,р╕кр╕нр╕Ър╕Цр╕▓р╕бр╕гр╣Йр╕▓р╕Щ,р╣Др╕бр╣Ир╣Ар╕Др╕в,р╣Др╕бр╣Ир╕бр╕╡
р╣Бр╕Бр╣Йр╕б,р╣Бр╕Бр╣Йр╕б,,,,,р╕Ыр╕▓р╕Щр╕Бр╕ер╕▓р╕З,"р╕Др╕гр╕╡р╕бр╕Ър╕│р╕гр╕╕р╕Зр╕Ьр╕┤р╕з, р╣Вр╕Чр╕Щр╣Ар╕Щр╕нр╕гр╣М, р╣Ар╕Лр╕гр╕▒р╣Ир╕б, р╕вр╕▓р╕гр╕▒р╕Бр╕йр╕▓р╕кр╕┤р╕з, р╕бр╕▓р╕кр╣Мр╕Бр╕лр╕Щр╣Йр╕▓, р╕Ьр╕ер╕┤р╕Хр╕ар╕▒р╕Ур╕Ср╣Мр╕ер╣Йр╕▓р╕Зр╣Ар╕Др╕гр╕╖р╣Ир╕нр╕Зр╕кр╕│р╕нр╕▓р╕З, р╣Вр╕Яр╕бр╕ер╣Йр╕▓р╕Зр╕лр╕Щр╣Йр╕▓",р╕Др╕гр╕╡р╕бр╕Ър╕│р╕гр╕╕р╕Зр╕Ьр╕┤р╕з, р╣Вр╕Чр╕Щр╣Ар╕Щр╕нр╕гр╣М, р╣Ар╕Лр╕гр╕▒р╣Ир╕б, р╕вр╕▓р╕гр╕▒р╕Бр╕йр╕▓р╕кр╕┤р╕з, р╕бр╕▓р╕кр╣Мр╕Бр╕лр╕Щр╣Йр╕▓, р╕Ьр╕ер╕┤р╕Хр╕ар╕▒р╕Ур╕Ср╣Мр╕ер╣Йр╕▓р╕Зр╣Ар╕Др╕гр╕╖р╣Ир╕нр╕Зр╕кр╕│р╕нр╕▓р╕З, р╣Вр╕Яр╕бр╕ер╣Йр╕▓р╕Зр╕лр╕Щр╣Йр╕▓,р╕ир╕╢р╕Бр╕йр╕▓р╕Ир╕▓р╕Бр╕нр╕┤р╕Щр╣Ар╕Хр╕нр╕гр╣Мр╣Ар╕Щр╕Х,р╕Хр╕┤р╕Фр╕Хр╕▓р╕бр╕Ьр╕ер╕ар╕▓р╕вр╣Гр╕Щ7 р╕зр╕▒р╕Щ р╕лр╕гр╕╖р╕н 1 р╣Ар╕Фр╕╖р╕нр╕Щр╕лр╕ер╕▒р╕Зр╣Гр╕Кр╣Й,р╣Др╕бр╣Ир╕бр╕╡
"р╣Бр╕Бр╣Йр╕б, р╕Др╕▓р╕З",р╣Бр╕Бр╣Йр╕б, р╕Др╕▓р╕З,,,,р╕Щр╣Йр╕нр╕вр╕бр╕▓р╕Б,"р╣Вр╕Чр╕Щр╣Ар╕Щр╕нр╕гр╣М, р╕вр╕▓р╕гр╕▒р╕Бр╕йр╕▓р╕кр╕┤р╕з, р╕Ьр╕ер╕┤р╕Хр╕ар╕▒р╕Ур╕Ср╣Мр╕ер╣Йр╕▓р╕Зр╣Ар╕Др╕гр╕╖р╣Ир╕нр╕Зр╕кр╕│р╕нр╕▓р╕З, р╣Вр╕Яр╕бр╕ер╣Йр╕▓р╕Зр╕лр╕Щр╣Йр╕▓, р╕бр╕нр╕вр╕кр╣М р╣Ар╕гр╕Хр╕┤р╕Щр╕нр╕е",р╣Вр╕Чр╕Щр╣Ар╕Щр╕нр╕гр╣М, р╕вр╕▓р╕гр╕▒р╕Бр╕йр╕▓р╕кр╕┤р╕з, р╕Ьр╕ер╕┤р╕Хр╕ар╕▒р╕Ур╕Ср╣Мр╕ер╣Йр╕▓р╕Зр╣Ар╕Др╕гр╕╖р╣Ир╕нр╕Зр╕кр╕│р╕нр╕▓р╕З, р╣Вр╕Яр╕бр╕ер╣Йр╕▓р╕Зр╕лр╕Щр╣Йр╕▓, р╕бр╕нр╕вр╕кр╣М р╣Ар╕гр╕Хр╕┤р╕Щр╕нр╕е,,,р╕Ьр╕┤р╕зр╕бр╕▒р╕Щ - р╣Гр╕Кр╣Йр╕бр╕нр╕вр╕кр╣Мр╣Бр╕Ър╕Ър╣Ар╕Ир╕ер╣Др╕бр╣Ир╣Гр╕Кр╣Ир╕Др╕гр╕╡р╕б р╣Бр╕ер╕░р╕Чр╕▓р╣Ар╕гр╕Хр╕┤р╕Щр╕нр╕ер╣Ар╕Юр╕╖р╣Ир╕нр╕Чр╕│р╣Гр╕лр╣Йр╕гр╕╣р╕Вр╕╕р╕бр╕Вр╕Щр╕Фр╕╣р╕Ир╕▓р╕Зр╕ер╕З,р╕кр╕▒р╕Зр╣Ар╕Бр╕Хр╕лр╕Щр╣Йр╕▓р╕Хр╕▒р╕зр╣Ар╕нр╕Зр╕Чр╕╕р╕Бр╣Ар╕Кр╣Йр╕▓р╕лр╕ер╕▒р╕Зр╕Хр╕╖р╣Ир╕Щр╕Щр╕нр╕Щ,р╣Др╕бр╣Ир╕бр╕╡
"р╕лр╕Щр╣Йр╕▓р╕Ьр╕▓р╕Б, р╣Бр╕Бр╣Йр╕б, р╕Др╕▓р╕З, р╕гр╕нр╕Ър╕Ыр╕▓р╕Б",р╕лр╕Щр╣Йр╕▓р╕Ьр╕▓р╕Б, р╣Бр╕Бр╣Йр╕б, р╕Др╕▓р╕З, р╕гр╕нр╕Ър╕Ыр╕▓р╕Б,,р╕Ыр╕▓р╕Щр╕Бр╕ер╕▓р╕З,"р╕Др╕гр╕╡р╕бр╕Ър╕│р╕гр╕╕р╕Зр╕Ьр╕┤р╕з, р╣Ар╕Лр╕гр╕▒р╣Ир╕б, р╕вр╕▓р╕гр╕▒р╕Бр╕йр╕▓р╕кр╕┤р╕з, р╕бр╕▓р╕кр╣Мр╕Бр╕лр╕Щр╣Йр╕▓, р╕Ьр╕ер╕┤р╕Хр╕ар╕▒р╕Ур╕Ср╣Мр╕ер╣Йр╕▓р╕Зр╣Ар╕Др╕гр╕╖р╣Ир╕нр╕Зр╕кр╕│р╕нр╕▓р╕З, р╣Вр╕Яр╕бр╕ер╣Йр╕▓р╕Зр╕лр╕Щр╣Йр╕▓",р╕Др╕гр╕╡р╕бр╕Ър╕│р╕гр╕╕р╕Зр╕Ьр╕┤р╕з, р╣Ар╕Лр╕гр╕▒р╣Ир╕б, р╕вр╕▓р╕гр╕▒р╕Бр╕йр╕▓р╕кр╕┤р╕з, р╕бр╕▓р╕кр╣Мр╕Бр╕лр╕Щр╣Йр╕▓, р╕Ьр╕ер╕┤р╕Хр╕ар╕▒р╕Ур╕Ср╣Мр╕ер╣Йр╕▓р╕Зр╣Ар╕Др╕гр╕╖р╣Ир╕нр╕Зр╕кр╕│р╕нр╕▓р╕З, р╣Вр╕Яр╕бр╕ер╣Йр╕▓р╕Зр╕лр╕Щр╣Йр╕▓,,р╕Фр╕╣р╕Ир╕▓р╕Бр╕Бр╕▓р╕гр╕гр╕╡р╕зр╕┤р╕зр╣Бр╕ер╕░р╕Бр╕▓р╕▓р╕Чр╕Фр╕ер╕нр╕Зр╣Гр╕Кр╣Йр╣Ар╕нр╕З,р╕Бр╕▓р╕гр╣Гр╕Кр╣Йр╣Ар╕зр╕ер╕▓р╣Бр╕ер╕░р╕Др╕зр╕▓р╕бр╕кр╕бр╣Ир╕│р╣Ар╕кр╕бр╕нр╣Гр╕Щр╕Бр╕▓р╕гр╕Фр╕╣р╣Бр╕ер╕Ьр╕┤р╕зр╕лр╕Щр╣Йр╕▓,р╕бр╕╡
"р╕лр╕Щр╣Йр╕▓р╕Ьр╕▓р╕Б, р╣Бр╕Бр╣Йр╕б, р╕Др╕▓р╕З",р╕лр╕Щр╣Йр╕▓р╕Ьр╕▓р╕Б, р╣Бр╕Бр╣Йр╕б, р╕Др╕▓р╕З,,,р╕Щр╣Йр╕нр╕вр╕бр╕▓р╕Б,"р╕Др╕гр╕╡р╕бр╕Ър╕│р╕гр╕╕р╕Зр╕Ьр╕┤р╕з, р╣Ар╕Лр╕гр╕▒р╣Ир╕б, р╣Вр╕Яр╕бр╕ер╣Йр╕▓р╕Зр╕лр╕Щр╣Йр╕▓",р╕Др╕гр╕╡р╕бр╕Ър╕│р╕гр╕╕р╕Зр╕Ьр╕┤р╕з, р╣Ар╕Лр╕гр╕▒р╣Ир╕б, р╣Вр╕Яр╕бр╕ер╣Йр╕▓р╕Зр╕лр╕Щр╣Йр╕▓,,,,,р╣Ар╕ер╕╖р╕нр╕Бр╕кр╕Бр╕┤р╕Щр╣Бр╕Др╕гр╣Мр╕Ир╕▓р╕Бр╕гр╕▓р╕вр╕ер╕░р╣Ар╕нр╕╡р╕вр╕Фр╕Вр╣Йр╕▓р╕Зр╕Ьр╕ер╕┤р╕Хр╕ар╕▒р╕Ур╕Ср╣Мр╣Бр╕ер╕░р╕Ир╕▓р╕Бр╕Ьр╕ер╕┤р╕Хр╕ар╕▒р╕Ур╕Ср╣Мр╣Бр╕Ър╕гр╕Щр╕Фр╣Мр╕Фр╕▒р╕Зр╣Ж,р╕Фр╕╣р╕Ир╕▓р╕Бр╕Ьр╕┤р╕зр╕лр╕Щр╣Йр╕▓,р╕бр╕╡
"р╕лр╕Щр╣Йр╕▓р╕Ьр╕▓р╕Б, р╣Бр╕Бр╣Йр╕б",р╕лр╕Щр╣Йр╕▓р╕Ьр╕▓р╕Б, р╣Бр╕Бр╣Йр╕б,,,,р╕Щр╣Йр╕нр╕вр╕бр╕▓р╕Б,"р╣Ар╕Лр╕гр╕▒р╣Ир╕б, р╣Вр╕Яр╕бр╕ер╣Йр╕▓р╕Зр╕лр╕Щр╣Йр╕▓",р╣Ар╕Лр╕гр╕▒р╣Ир╕б, р╣Вр╕Яр╕бр╕ер╣Йр╕▓р╕Зр╕лр╕Щр╣Йр╕▓,,,,,,р╣Др╕бр╣Ир╕бр╕╡ р╕Цр╕▓р╕бр╣Бр╕Яр╕Щр╣Ар╕нр╕▓,р╕кр╕▒р╕Зр╣Ар╕Бр╕Хр╕╕р╕зр╣Ир╕▓р╕гр╕нр╕вр╕кр╕┤р╕зр╕Ир╕▓р╕Зр╕ер╕Зр╣Др╕лр╕б,р╣Др╕бр╣Ир╕бр╕╡
"р╕лр╕Щр╣Йр╕▓р╕Ьр╕▓р╕Б, р╣Бр╕Бр╣Йр╕б",р╕лр╕Щр╣Йр╕▓р╕Ьр╕▓р╕Б, р╣Бр╕Бр╣Йр╕б,,,,р╕Ыр╕▓р╕Щр╕Бр╕ер╕▓р╕З,р╣Ар╕Лр╕гр╕▒р╣Ир╕б,р╣Ар╕Лр╕гр╕▒р╣Ир╕б,,,,,,,-,-,р╣Др╕бр╣Ир╕бр╕╡
"р╕лр╕Щр╣Йр╕▓р╕Ьр╕▓р╕Б, р╕Др╕▓р╕З",р╕лр╕Щр╣Йр╕▓р╕Ьр╕▓р╕Б, р╕Др╕▓р╕З,,,,р╕Ыр╕▓р╕Щр╕Бр╕ер╕▓р╕З,"р╕Др╕гр╕╡р╕бр╕Ър╕│р╕гр╕╕р╕Зр╕Ьр╕┤р╕з, р╣Ар╕Лр╕гр╕▒р╣Ир╕б, р╕вр╕▓р╕гр╕▒р╕Бр╕йр╕▓р╕кр╕┤р╕з, р╕бр╕▓р╕кр╣Мр╕Бр╕лр╕Щр╣Йр╕▓, р╣Вр╕Яр╕бр╕ер╣Йр╕▓р╕Зр╕лр╕Щр╣Йр╕▓",р╕Др╕гр╕╡р╕бр╕Ър╕│р╕гр╕╕р╕Зр╕Ьр╕┤р╕з, р╣Ар╕Лр╕гр╕▒р╣Ир╕б, р╕вр╕▓р╕гр╕▒р╕Бр╕йр╕▓р╕кр╕┤р╕з, р╕бр╕▓р╕кр╣Мр╕Бр╕лр╕Щр╣Йр╕▓, р╣Вр╕Яр╕бр╕ер╣Йр╕▓р╕Зр╕лр╕Щр╣Йр╕▓,,,р╣Ар╕ер╕╖р╕нр╕Бр╕Чр╕╡р╣Ир╣Ар╕лр╕бр╕▓р╕░р╕Бр╕▒р╕Ър╕Др╕Щр╕Ьр╕┤р╕зр╕бр╕▒р╕Щ р╕Чр╕▓р╣Бр╕ер╣Йр╕зр╕Лр╕╢р╕бр╣Др╕з р╣Др╕бр╣Ир╣Ар╕лр╕Щр╕╡р╕вр╕зр╕лр╕Щр╣Йр╕▓,р╕Чр╕Фр╕ер╕нр╕Зр╣Гр╕Кр╣Йр╕кр╕▒р╕Б 1 - 3 р╣Ар╕Фр╕╖р╕нр╕Щ р╕зр╣Ир╕▓р╣Бр╕Юр╣Й р╕лр╕гр╕╖р╕нр╣Ар╕лр╕бр╕▓р╕░р╕Бр╕▒р╕Ър╕Ьр╕┤р╕зр╣Ар╕гр╕▓р╣Др╕лр╕б ,р╣Др╕бр╣Ир╕бр╕╡
"р╕лр╕Щр╣Йр╕▓р╕Ьр╕▓р╕Б, р╣Бр╕Бр╣Йр╕б, р╕Др╕▓р╕З, р╕Ир╕бр╕╣р╕Б",р╕лр╕Щр╣Йр╕▓р╕Ьр╕▓р╕Б, р╣Бр╕Бр╣Йр╕б, р╕Др╕▓р╕З, р╕Ир╕бр╕╣р╕Б,,р╕Ыр╕▓р╕Щр╕Бр╕ер╕▓р╕З,"р╕Др╕гр╕╡р╕бр╕Ър╕│р╕гр╕╕р╕Зр╕Ьр╕┤р╕з, р╣Вр╕Чр╕Щр╣Ар╕Щр╕нр╕гр╣М, р╣Ар╕Лр╕гр╕▒р╣Ир╕б, р╕Ьр╕ер╕┤р╕Хр╕ар╕▒р╕Ур╕Ср╣Мр╕ер╣Йр╕▓р╕Зр╣Ар╕Др╕гр╕╖р╣Ир╕нр╕Зр╕кр╕│р╕нр╕▓р╕З, р╣Вр╕Яр╕бр╕ер╣Йр╕▓р╕Зр╕лр╕Щр╣Йр╕▓",р╕Др╕гр╕╡р╕бр╕Ър╕│р╕гр╕╕р╕Зр╕Ьр╕┤р╕з, р╣Вр╕Чр╕Щр╣Ар╕Щр╕нр╕гр╣М, р╣Ар╕Лр╕гр╕▒р╣Ир╕б, р╕Ьр╕ер╕┤р╕Хр╕ар╕▒р╕Ур╕Ср╣Мр╕ер╣Йр╕▓р╕Зр╣Ар╕Др╕гр╕╖р╣Ир╕нр╕Зр╕кр╕│р╕нр╕▓р╕З, р╣Вр╕Яр╕бр╕ер╣Йр╕▓р╕Зр╕лр╕Щр╣Йр╕▓,,,р╕нр╣Ир╕▓р╕Щр╕Йр╕ер╕▓р╕Бр╣Бр╕ер╕░р╕нр╣Ир╕▓р╕Щр╕гр╕╡р╕зр╕┤р╕з,р╕кр╣Ир╕нр╕Зр╕Бр╕гр╕░р╕Ир╕Б р╕Фр╕╣р╕Хр╕гр╕Зр╕Ър╕гр╕┤р╣Ар╕зр╕Ур╕Чр╕╡р╣Ир╕Чр╕▓,р╣Др╕бр╣Ир╕бр╕╡
р╣Бр╕Бр╣Йр╕б,р╣Бр╕Бр╣Йр╕б,,,,,р╕Ыр╕▓р╕Щр╕Бр╕ер╕▓р╕З,"р╣Вр╕Чр╕Щр╣Ар╕Щр╕нр╕гр╣М, р╕бр╕▓р╕кр╣Мр╕Бр╕лр╕Щр╣Йр╕▓, р╕Ьр╕ер╕┤р╕Хр╕ар╕▒р╕Ур╕Ср╣Мр╕ер╣Йр╕▓р╕Зр╣Ар╕Др╕гр╕╖р╣Ир╕нр╕Зр╕кр╕│р╕нр╕▓р╕З, р╣Вр╕Яр╕бр╕ер╣Йр╕▓р╕Зр╕лр╕Щр╣Йр╕▓",р╣Вр╕Чр╕Щр╣Ар╕Щр╕нр╕гр╣М, р╕бр╕▓р╕кр╣Мр╕Бр╕лр╕Щр╣Йр╕▓, р╕Ьр╕ер╕┤р╕Хр╕ар╕▒р╕Ур╕Ср╣Мр╕ер╣Йр╕▓р╕Зр╣Ар╕Др╕гр╕╖р╣Ир╕нр╕Зр╕кр╕│р╕нр╕▓р╕З, р╣Вр╕Яр╕бр╕ер╣Йр╕▓р╕Зр╕лр╕Щр╣Йр╕▓,,,,р╕нр╣Ир╕▓р╕Щр╕Йр╕ер╕▓р╕Б,р╕Цр╣Йр╕▓р╣Др╕бр╣Ир╣Бр╕кр╕Ър╕лр╕гр╕╖р╕нр╕бр╕╡р╕кр╕┤р╕зр╕Вр╕╢р╣Йр╕Щр╣Ар╕Юр╕┤р╣Ир╕бр╣Бр╕Ыр╕ер╕зр╣Ир╕▓р╣Др╕Фр╣Йр╕Ьр╕е,р╕бр╕╡
р╕Др╕▓р╕З,р╕Др╕▓р╕З,,,,,р╕Ыр╕▓р╕Щр╕Бр╕ер╕▓р╕З,"р╕Др╕гр╕╡р╕бр╕Ър╕│р╕гр╕╕р╕Зр╕Ьр╕┤р╕з, р╣Ар╕Лр╕гр╕▒р╣Ир╕б, р╣Вр╕Яр╕бр╕ер╣Йр╕▓р╕Зр╕лр╕Щр╣Йр╕▓",р╕Др╕гр╕╡р╕бр╕Ър╕│р╕гр╕╕р╕Зр╕Ьр╕┤р╕з, р╣Ар╕Лр╕гр╕▒р╣Ир╕б, р╣Вр╕Яр╕бр╕ер╣Йр╕▓р╕Зр╕лр╕Щр╣Йр╕▓,,,,,р╕нр╣Ир╕▓р╕Щр╕Йр╕ер╕▓р╕Б р╕кр╕гр╕гр╕Юр╕Др╕╕р╕У,р╕кр╕ар╕▓р╕Юр╕Ьр╕┤р╕зр╕лр╕Щр╣Йр╕▓ р╕лр╕ер╕▒р╕Зр╣Гр╕Кр╣Й р╕Ьр╕ер╕┤р╕Хр╕ар╕▒р╕Ур╕Ср╣М,р╕бр╕╡
р╕Др╕▓р╕З,р╕Др╕▓р╕З,,,,,р╕Щр╣Йр╕нр╕вр╕бр╕▓р╕Б,"р╕Др╕гр╕╡р╕бр╕Ър╕│р╕гр╕╕р╕Зр╕Ьр╕┤р╕з, р╣Ар╕Лр╕гр╕▒р╣Ир╕б",р╕Др╕гр╕╡р╕бр╕Ър╕│р╕гр╕╕р╕Зр╕Ьр╕┤р╕з, р╣Ар╕Лр╕гр╕▒р╣Ир╕б,,,,,,р╣Ар╕ер╕╖р╕нр╕Бр╕Ьр╕ер╕┤р╕Хр╕ар╕▒р╕Ур╕Ср╣Мр╕Чр╕╡р╕▓р╕Щр╣Ир╕▓р╣Ар╕Кр╕╖р╣Ир╕нр╕Цр╕╖р╕н р╕Фр╕╣р╕кр╣Ир╕зр╕Щр╕Ьр╕кр╕б р╣Бр╕ер╕░р╕Чр╕Фр╕ер╕нр╕Зр╣Гр╕Кр╣Й,р╕Чр╕Фр╕кр╕нр╕Ър╕Бр╕▓р╕гр╣Бр╕Юр╣Йр╕Бр╣Ир╕нр╕Щр╣Гр╕Кр╣Й р╕Фр╕╣р╕кр╕ар╕▓р╕Юр╕Ьр╕┤р╕з,р╕бр╕╡
"р╣Бр╕Бр╣Йр╕б, р╕Ир╕бр╕╣р╕Б, р╕гр╕нр╕Ър╕Ыр╕▓р╕Б",р╣Бр╕Бр╣Йр╕б, р╕Ир╕бр╕╣р╕Б, р╕гр╕нр╕Ър╕Ыр╕▓р╕Б,,,р╕Ыр╕▓р╕Щр╕Бр╕ер╕▓р╕З,"р╕Др╕гр╕╡р╕бр╕Ър╕│р╕гр╕╕р╕Зр╕Ьр╕┤р╕з, р╣Вр╕Чр╕Щр╣Ар╕Щр╕нр╕гр╣М, р╕вр╕▓р╕гр╕▒р╕Бр╕йр╕▓р╕кр╕┤р╕з, р╕Ьр╕ер╕┤р╕Хр╕ар╕▒р╕Ур╕Ср╣Мр╕ер╣Йр╕▓р╕Зр╣Ар╕Др╕гр╕╖р╣Ир╕нр╕Зр╕кр╕│р╕нр╕▓р╕З, р╣Вр╕Яр╕бр╕ер╣Йр╕▓р╕Зр╕лр╕Щр╣Йр╕▓",р╕Др╕гр╕╡р╕бр╕Ър╕│р╕гр╕╕р╕Зр╕Ьр╕┤р╕з, р╣Вр╕Чр╕Щр╣Ар╕Щр╕нр╕гр╣М, р╕вр╕▓р╕гр╕▒р╕Бр╕йр╕▓р╕кр╕┤р╕з, р╕Ьр╕ер╕┤р╕Хр╕ар╕▒р╕Ур╕Ср╣Мр╕ер╣Йр╕▓р╕Зр╣Ар╕Др╕гр╕╖р╣Ир╕нр╕Зр╕кр╕│р╕нр╕▓р╕З, р╣Вр╕Яр╕бр╕ер╣Йр╕▓р╕Зр╕лр╕Щр╣Йр╕▓,,,р╕ер╕нр╕Зр╕Ьр╕┤р╕Фр╕ер╕нр╕Зр╕Цр╕╣р╕Б,р╕Цр╣Ир╕▓р╕вр╕гр╕╣р╕Ы,р╣Др╕бр╣Ир╕бр╕╡
р╕Ир╕бр╕╣р╕Б,р╕Ир╕бр╕╣р╕Б,,,,,р╕Щр╣Йр╕нр╕вр╕бр╕▓р╕Б,"р╕Др╕гр╕╡р╕бр╕Ър╕│р╕гр╕╕р╕Зр╕Ьр╕┤р╕з, р╣Ар╕Лр╕гр╕▒р╣Ир╕б, р╕вр╕▓р╕гр╕▒р╕Бр╕йр╕▓р╕кр╕┤р╕з, р╕бр╕▓р╕кр╣Мр╕Бр╕лр╕Щр╣Йр╕▓, р╕Ьр╕ер╕┤р╕Хр╕ар╕▒р╕Ур╕Ср╣Мр╕ер╣Йр╕▓р╕Зр╣Ар╕Др╕гр╕╖р╣Ир╕нр╕Зр╕кр╕│р╕нр╕▓р╕З, р╣Вр╕Яр╕бр╕ер╣Йр╕▓р╕Зр╕лр╕Щр╣Йр╕▓",р╕Др╕гр╕╡р╕бр╕Ър╕│р╕гр╕╕р╕Зр╕Ьр╕┤р╕з, р╣Ар╕Лр╕гр╕▒р╣Ир╕б, р╕вр╕▓р╕гр╕▒р╕Бр╕йр╕▓р╕кр╕┤р╕з, р╕бр╕▓р╕кр╣Мр╕Бр╕лр╕Щр╣Йр╕▓, р╕Ьр╕ер╕┤р╕Хр╕ар╕▒р╕Ур╕Ср╣Мр╕ер╣Йр╕▓р╕Зр╣Ар╕Др╕гр╕╖р╣Ир╕нр╕Зр╕кр╕│р╕нр╕▓р╕З, р╣Вр╕Яр╕бр╕ер╣Йр╕▓р╕Зр╕лр╕Щр╣Йр╕▓,,р╕Фр╕╣р╕Др╕зр╕▓р╕бр╣Ар╕Ыр╕ер╕╡р╣Ир╕вр╕Щр╣Бр╕Ыр╕ер╕Зр╕Вр╕нр╕Зр╕Ьр╕┤р╕з,р╕кр╕▒р╕бр╕Ьр╕▒р╕к,р╣Др╕бр╣Ир╕бр╕╡
"р╕лр╕Щр╣Йр╕▓р╕Ьр╕▓р╕Б, р╣Бр╕Бр╣Йр╕б, р╕Др╕▓р╕З, р╕гр╕нр╕Ър╕Ыр╕▓р╕Б",р╕лр╕Щр╣Йр╕▓р╕Ьр╕▓р╕Б, р╣Бр╕Бр╣Йр╕б, р╕Др╕▓р╕З, р╕гр╕нр╕Ър╕Ыр╕▓р╕Б,,р╕Ыр╕▓р╕Щр╕Бр╕ер╕▓р╕З,"р╕Др╕гр╕╡р╕бр╕Ър╕│р╕гр╕╕р╕Зр╕Ьр╕┤р╕з, р╣Вр╕Чр╕Щр╣Ар╕Щр╕нр╕гр╣М, р╣Ар╕Лр╕гр╕▒р╣Ир╕б, р╕вр╕▓р╕гр╕▒р╕Бр╕йр╕▓р╕кр╕┤р╕з, р╣Вр╕Яр╕бр╕ер╣Йр╕▓р╕Зр╕лр╕Щр╣Йр╕▓",р╕Др╕гр╕╡р╕бр╕Ър╕│р╕гр╕╕р╕Зр╕Ьр╕┤р╕з, р╣Вр╕Чр╕Щр╣Ар╕Щр╕нр╕гр╣М, р╣Ар╕Лр╕гр╕▒р╣Ир╕б, р╕вр╕▓р╕гр╕▒р╕Бр╕йр╕▓р╕кр╕┤р╕з, р╣Вр╕Яр╕бр╕ер╣Йр╕▓р╕Зр╕лр╕Щр╣Йр╕▓,,,р╕кр╕Бр╕┤р╕Щр╣Бр╕Др╕гр╣Мр╕кр╕│р╕лр╕гр╕▒р╕Ър╕Ьр╕┤р╕зр╣Бр╕Юр╣Йр╕Зр╣Ир╕▓р╕в,р╕кр╕▒р╕Зр╣Ар╕Бр╕Хр╕╕р╕зр╣Ир╕▓р╣Гр╕Кр╣Йр╣Бр╕ер╣Йр╕зр╕бр╕╡р╕Бр╕▓р╕гр╣Ар╕Ыр╕ер╕╡р╣Ир╕вр╕Щр╣Бр╕Ыр╕ер╕Зр╕бр╕▒р╣Йр╕в,р╣Др╕бр╣Ир╕бр╕╡
р╕гр╕нр╕Ър╕Ыр╕▓р╕Б,р╕гр╕нр╕Ър╕Ыр╕▓р╕Б,,,,,р╕Ыр╕▓р╕Щр╕Бр╕ер╕▓р╕З,р╣Вр╕Чр╕Щр╣Ар╕Щр╕нр╕гр╣М,р╣Вр╕Чр╕Щр╣Ар╕Щр╕нр╕гр╣М,,,,,,,р╣Др╕бр╣Ир╕бр╕╡,р╕Фр╕╡р╕Вр╕╢р╣Йр╕Щ,р╣Др╕бр╣Ир╕бр╕╡
"р╕лр╕Щр╣Йр╕▓р╕Ьр╕▓р╕Б, р╕Др╕▓р╕З",р╕лр╕Щр╣Йр╕▓р╕Ьр╕▓р╕Б, р╕Др╕▓р╕З,,,,р╕Щр╣Йр╕нр╕вр╕бр╕▓р╕Б,р╕Др╕гр╕╡р╕бр╕Ър╕│р╕гр╕╕р╕Зр╕Ьр╕┤р╕з,р╕Др╕гр╕╡р╕бр╕Ър╕│р╕гр╕╕р╕Зр╕Ьр╕┤р╕з,,,,,,,р╕Кр╕Щр╕┤р╕Фр╕Вр╕нр╕Зр╕Др╕гр╕╡р╕б,р╕кр╕▒р╕Зр╣Ар╕Бр╕Х,р╣Др╕бр╣Ир╕бр╕╡
"р╕лр╕Щр╣Йр╕▓р╕Ьр╕▓р╕Б, р╣Бр╕Бр╣Йр╕б",р╕лр╕Щр╣Йр╕▓р╕Ьр╕▓р╕Б, р╣Бр╕Бр╣Йр╕б,,,,р╕Ыр╕▓р╕Щр╕Бр╕ер╕▓р╕З,р╕вр╕▓р╕гр╕▒р╕Бр╕йр╕▓р╕кр╕┤р╕з,р╕вр╕▓р╕гр╕▒р╕Бр╕йр╕▓р╕кр╕┤р╕з,,,,,,,р╕Др╕│р╣Бр╕Щр╕░р╕Щр╕│р╕Ир╕▓р╕Бр╣Бр╕Юр╕Чр╕вр╣М,р╕Ьр╕┤р╕з,р╣Др╕бр╣Ир╕бр╕╡
"р╕лр╕Щр╣Йр╕▓р╕Ьр╕▓р╕Б, р╣Бр╕Бр╣Йр╕б",р╕лр╕Щр╣Йр╕▓р╕Ьр╕▓р╕Б, р╣Бр╕Бр╣Йр╕б,,,,р╕гр╕╕р╕Щр╣Бр╕гр╕З,"р╕Др╕гр╕╡р╕бр╕Ър╕│р╕гр╕╕р╕Зр╕Ьр╕┤р╕з, р╕вр╕▓р╕гр╕▒р╕Бр╕йр╕▓р╕кр╕┤р╕з, р╕бр╕▓р╕кр╣Мр╕Бр╕лр╕Щр╣Йр╕▓, р╕Ьр╕ер╕┤р╕Хр╕ар╕▒р╕Ур╕Ср╣Мр╕ер╣Йр╕▓р╕Зр╣Ар╕Др╕гр╕╖р╣Ир╕нр╕Зр╕кр╕│р╕нр╕▓р╕З, р╣Вр╕Яр╕бр╕ер╣Йр╕▓р╕Зр╕лр╕Щр╣Йр╕▓",р╕Др╕гр╕╡р╕бр╕Ър╕│р╕гр╕╕р╕Зр╕Ьр╕┤р╕з, р╕вр╕▓р╕гр╕▒р╕Бр╕йр╕▓р╕кр╕┤р╕з, р╕бр╕▓р╕кр╣Мр╕Бр╕лр╕Щр╣Йр╕▓, р╕Ьр╕ер╕┤р╕Хр╕ар╕▒р╕Ур╕Ср╣Мр╕ер╣Йр╕▓р╕Зр╣Ар╕Др╕гр╕╖р╣Ир╕нр╕Зр╕кр╕│р╕нр╕▓р╕З, р╣Вр╕Яр╕бр╕ер╣Йр╕▓р╕Зр╕лр╕Щр╣Йр╕▓,,,р╕нр╣Ир╕▓р╕Щр╕Чр╕╡р╣Ир╕Йр╕ер╕▓р╕Б,р╕кр╕┤р╕зр╕Вр╕╢р╣Йр╕Щр╣Ар╕Юр╕┤р╣Ир╕бр╕лр╕гр╕╖р╕нр╣Др╕бр╣И,р╕бр╕╡
"р╕лр╕Щр╣Йр╕▓р╕Ьр╕▓р╕Б, р╣Бр╕Бр╣Йр╕б, р╕Др╕▓р╕З, р╕Ир╕бр╕╣р╕Б",р╕лр╕Щр╣Йр╕▓р╕Ьр╕▓р╕Б, р╣Бр╕Бр╣Йр╕б, р╕Др╕▓р╕З, р╕Ир╕бр╕╣р╕Б,,р╕Ыр╕▓р╕Щр╕Бр╕ер╕▓р╕З,"р╕бр╕▓р╕кр╣Мр╕Бр╕лр╕Щр╣Йр╕▓, р╣Вр╕Яр╕бр╕ер╣Йр╕▓р╕Зр╕лр╕Щр╣Йр╕▓",р╕бр╕▓р╕кр╣Мр╕Бр╕лр╕Щр╣Йр╕▓, р╣Вр╕Яр╕бр╕ер╣Йр╕▓р╕Зр╕лр╕Щр╣Йр╕▓,,,,,,р╕ер╕нр╕Зр╣Гр╕Кр╣Йр╣Ар╕ер╕в,р╕кр╕▒р╕Зр╣Ар╕Бр╕Х 1 р╕нр╕▓р╕Чр╕┤р╕Хр╕вр╣М р╕лр╕ер╕▒р╕Зр╕Ир╕▓р╕Бр╣Гр╕Кр╣Йр╕Зр╕▓р╕Щр╕зр╣Ир╕▓р╕Ьр╕┤р╕зр╕лр╕Щр╣Йр╕▓р╣Ар╕Ыр╣Зр╕Щр╣Др╕З,р╣Др╕бр╣Ир╕бр╕╡
р╣Бр╕Бр╣Йр╕б,р╣Бр╕Бр╣Йр╕б,,,,,р╕Щр╣Йр╕нр╕вр╕бр╕▓р╕Б,р╣Др╕бр╣Ир╣Ар╕Др╕вр╣Гр╕Кр╣Йр╕кр╕Бр╕┤р╕Щр╣Бр╕Др╕гр╣М,р╣Др╕бр╣Ир╣Ар╕Др╕вр╣Гр╕Кр╣Йр╕кр╕Бр╕┤р╕Щр╣Бр╕Др╕гр╣М,,,,,,,р╣Др╕бр╣Ир╕бр╕╡,р╣Др╕бр╣Ир╕Др╣Ир╕нр╕вр╣Гр╕Кр╣Йр╕Ьр╕ер╕┤р╕Хр╕ар╕▒р╕Ур╕Ср╣Мр╕кр╕Бр╕┤р╕Щр╣Бр╕Др╕гр╣М р╣Ар╕ер╕вр╣Др╕бр╣Ир╕Др╣Ир╕нр╕вр╕бр╕╡р╕Бр╕▓р╕гр╕кр╕▒р╕Зр╣Ар╕Бр╕Хр╕Ьр╕бр╕ер╕▒р╕Юр╕Шр╣М,р╣Др╕бр╣Ир╕бр╕╡
р╕Ир╕бр╕╣р╕Б,р╕Ир╕бр╕╣р╕Б,,,,,р╕Щр╣Йр╕нр╕вр╕бр╕▓р╕Б,"р╕Др╕гр╕╡р╕бр╕Ър╕│р╕гр╕╕р╕Зр╕Ьр╕┤р╕з, р╣Вр╕Чр╕Щр╣Ар╕Щр╕нр╕гр╣М, р╣Ар╕Лр╕гр╕▒р╣Ир╕б, р╣Вр╕Яр╕бр╕ер╣Йр╕▓р╕Зр╕лр╕Щр╣Йр╕▓",р╕Др╕гр╕╡р╕бр╕Ър╕│р╕гр╕╕р╕Зр╕Ьр╕┤р╕з, р╣Вр╕Чр╕Щр╣Ар╕Щр╕нр╕гр╣М, р╣Ар╕Лр╕гр╕▒р╣Ир╕б, р╣Вр╕Яр╕бр╕ер╣Йр╕▓р╕Зр╕лр╕Щр╣Йр╕▓,,,,р╕бр╕нр╕вр╣Мр╣Ар╕Ир╕нр╣Др╕гр╕Лр╣Ар╕Лр╕нр╕гр╕Ьр╣М Spf 50+++,р╕Фр╕╣р╕Ир╕▓р╕Бр╕Ьр╕┤р╕зр╕лр╕Щр╣Йр╕▓,р╣Др╕бр╣Ир╕бр╕╡
"р╕Др╕▓р╕З, р╕Ир╕бр╕╣р╕Б",р╕Др╕▓р╕З, р╕Ир╕бр╕╣р╕Б,,,,р╕Ыр╕▓р╕Щр╕Бр╕ер╕▓р╕З,"р╣Ар╕Лр╕гр╕▒р╣Ир╕б, р╕Ьр╕ер╕┤р╕Хр╕ар╕▒р╕Ур╕Ср╣Мр╕ер╣Йр╕▓р╕Зр╣Ар╕Др╕гр╕╖р╣Ир╕нр╕Зр╕кр╕│р╕нр╕▓р╕З, р╣Вр╕Яр╕бр╕ер╣Йр╕▓р╕Зр╕лр╕Щр╣Йр╕▓",р╣Ар╕Лр╕гр╕▒р╣Ир╕б, р╕Ьр╕ер╕┤р╕Хр╕ар╕▒р╕Ур╕Ср╣Мр╕ер╣Йр╕▓р╕Зр╣Ар╕Др╕гр╕╖р╣Ир╕нр╕Зр╕кр╕│р╕нр╕▓р╕З, р╣Вр╕Яр╕бр╕ер╣Йр╕▓р╕Зр╕лр╕Щр╣Йр╕▓,,,,,р╣Ар╕Ыр╕ер╕╡р╣Ир╕вр╕Щр╣Др╕Ыр╣Ар╕гр╕╖р╣Ир╕нр╕вр╣Ж,р╕кр╕┤р╕зр╣Др╕бр╣Ир╕Др╣Ир╕нр╕вр╕Вр╕╢р╣Йр╕Щ,р╣Др╕бр╣Ир╕бр╕╡
"р╕лр╕Щр╣Йр╕▓р╕Ьр╕▓р╕Б, р╣Бр╕Бр╣Йр╕б",р╕лр╕Щр╣Йр╕▓р╕Ьр╕▓р╕Б, р╣Бр╕Бр╣Йр╕б,,,,р╕Щр╣Йр╕нр╕вр╕бр╕▓р╕Б,"р╕Др╕гр╕╡р╕бр╕Ър╕│р╕гр╕╕р╕Зр╕Ьр╕┤р╕з, р╣Вр╕Чр╕Щр╣Ар╕Щр╕нр╕гр╣М, р╣Ар╕Лр╕гр╕▒р╣Ир╕б, р╕Ьр╕ер╕┤р╕Хр╕ар╕▒р╕Ур╕Ср╣Мр╕ер╣Йр╕▓р╕Зр╣Ар╕Др╕гр╕╖р╣Ир╕нр╕Зр╕кр╕│р╕нр╕▓р╕З",р╕Др╕гр╕╡р╕бр╕Ър╕│р╕гр╕╕р╕Зр╕Ьр╕┤р╕з, р╣Вр╕Чр╕Щр╣Ар╕Щр╕нр╕гр╣М, р╣Ар╕Лр╕гр╕▒р╣Ир╕б, р╕Ьр╕ер╕┤р╕Хр╕ар╕▒р╕Ур╕Ср╣Мр╕ер╣Йр╕▓р╕Зр╣Ар╕Др╕гр╕╖р╣Ир╕нр╕Зр╕кр╕│р╕нр╕▓р╕З,,,,р╕ер╕▒р╕Бр╕йр╕Ур╕░р╕Ьр╕┤р╕зр╕Хр╕▒р╕зр╣Ар╕нр╕З р╣Бр╕ер╕░р╕гр╕╣р╕Вр╕╕р╕бр╕Вр╕Щ р╣Ар╕лр╕бр╕▓р╕░р╕Бр╕▒р╕Ър╣Гр╕Кр╣Йр╕Ьр╕ер╕┤р╕Хр╕ар╕▒р╕Ур╕Ср╣Мр╣Бр╕Ър╕Ър╣Др╕лр╕Щ,р╕лр╕ер╕▒р╕Зр╕ер╣Йр╕▓р╕Зр╕лр╕Щр╣Йр╕▓ р╣Бр╕ер╕░р╕Хр╕нр╕Щр╕Хр╕╖р╣Ир╕Щр╕Щр╕нр╕Щ,р╕бр╕╡
р╣Бр╕Бр╣Йр╕б,р╣Бр╕Бр╣Йр╕б,,,,,р╕Ыр╕▓р╕Щр╕Бр╕ер╕▓р╕З,р╕Др╕гр╕╡р╕бр╕Ър╕│р╕гр╕╕р╕Зр╕Ьр╕┤р╕з,р╕Др╕гр╕╡р╕бр╕Ър╕│р╕гр╕╕р╕Зр╕Ьр╕┤р╕з,,,,,,,р╕ер╣Йр╕▓р╕Зр╕лр╕Щр╣Йр╕▓,р╕кр╕нр╕Зр╕Бр╕гр╕░р╕Ир╕Бр╕Ър╣Ир╕нр╕в,р╕бр╕╡
р╕лр╕Щр╣Йр╕▓р╕Ьр╕▓р╕Б,р╕лр╕Щр╣Йр╕▓р╕Ьр╕▓р╕Б,,,,,р╕Ыр╕▓р╕Щр╕Бр╕ер╕▓р╕З,"р╕Др╕гр╕╡р╕бр╕Ър╕│р╕гр╕╕р╕Зр╕Ьр╕┤р╕з, р╣Вр╕Чр╕Щр╣Ар╕Щр╕нр╕гр╣М, р╣Ар╕Лр╕гр╕▒р╣Ир╕б, р╕вр╕▓р╕гр╕▒р╕Бр╕йр╕▓р╕кр╕┤р╕з, р╕бр╕▓р╕кр╣Мр╕Бр╕лр╕Щр╣Йр╕▓, р╕Ьр╕ер╕┤р╕Хр╕ар╕▒р╕Ур╕Ср╣Мр╕ер╣Йр╕▓р╕Зр╣Ар╕Др╕гр╕╖р╣Ир╕нр╕Зр╕кр╕│р╕нр╕▓р╕З, р╣Вр╕Яр╕бр╕ер╣Йр╕▓р╕Зр╕лр╕Щр╣Йр╕▓",р╕Др╕гр╕╡р╕бр╕Ър╕│р╕гр╕╕р╕Зр╕Ьр╕┤р╕з, р╣Вр╕Чр╕Щр╣Ар╕Щр╕нр╕гр╣М, р╣Ар╕Лр╕гр╕▒р╣Ир╕б, р╕вр╕▓р╕гр╕▒р╕Бр╕йр╕▓р╕кр╕┤р╕з, р╕бр╕▓р╕кр╣Мр╕Бр╕лр╕Щр╣Йр╕▓, р╕Ьр╕ер╕┤р╕Хр╕ар╕▒р╕Ур╕Ср╣Мр╕ер╣Йр╕▓р╕Зр╣Ар╕Др╕гр╕╖р╣Ир╕нр╕Зр╕кр╕│р╕нр╕▓р╕З, р╣Вр╕Яр╕бр╕ер╣Йр╕▓р╕Зр╕лр╕Щр╣Йр╕▓,р╣Др╕бр╣Ир╕Др╣Ир╕нр╕вр╣Вр╕Фр╕Щр╣Бр╕Фр╕Фр╣Бр╕гр╕Зр╣Ж,р╕ер╕нр╕Зр╕Бр╣Ир╕нр╕Щр╕Др╕╖р╕Щр╕Щр╕╢р╕Зр╕Цр╣Йр╕▓р╕Фр╕╡р╕Др╣Ир╕нр╕вр╣Гр╕Кр╣Йр╕Хр╣Ир╕н,р╕бр╕╡
"р╕лр╕Щр╣Йр╕▓р╕Ьр╕▓р╕Б, р╣Бр╕Бр╣Йр╕б",р╕лр╕Щр╣Йр╕▓р╕Ьр╕▓р╕Б, р╣Бр╕Бр╣Йр╕б,,,,р╕гр╕╕р╕Щр╣Бр╕гр╕З,"р╕Др╕гр╕╡р╕бр╕Ър╕│р╕гр╕╕р╕Зр╕Ьр╕┤р╕з, р╣Вр╕Чр╕Щр╣Ар╕Щр╕нр╕гр╣М, р╣Ар╕Лр╕гр╕▒р╣Ир╕б, р╕вр╕▓р╕гр╕▒р╕Бр╕йр╕▓р╕кр╕┤р╕з, р╕бр╕▓р╕кр╣Мр╕Бр╕лр╕Щр╣Йр╕▓, р╣Вр╕Яр╕бр╕ер╣Йр╕▓р╕Зр╕лр╕Щр╣Йр╕▓",р╕Др╕гр╕╡р╕бр╕Ър╕│р╕гр╕╕р╕Зр╕Ьр╕┤р╕з, р╣Вр╕Чр╕Щр╣Ар╕Щр╕нр╕гр╣М, р╣Ар╕Лр╕гр╕▒р╣Ир╕б, р╕вр╕▓р╕гр╕▒р╕Бр╕йр╕▓р╕кр╕┤р╕з, р╕бр╕▓р╕кр╣Мр╕Бр╕лр╕Щр╣Йр╕▓, р╣Вр╕Яр╕бр╕ер╣Йр╕▓р╕Зр╕лр╕Щр╣Йр╕▓,,-,-,р╣Др╕бр╣Ир╕бр╕╡
"р╣Бр╕Бр╣Йр╕б, р╕Др╕▓р╕З",р╣Бр╕Бр╣Йр╕б, р╕Др╕▓р╕З,,,,р╕Щр╣Йр╕нр╕вр╕бр╕▓р╕Б,"р╕Др╕гр╕╡р╕бр╕Ър╕│р╕гр╕╕р╕Зр╕Ьр╕┤р╕з, р╣Ар╕Лр╕гр╕▒р╣Ир╕б, р╕бр╕▓р╕кр╣Мр╕Бр╕лр╕Щр╣Йр╕▓, р╕Ьр╕ер╕┤р╕Хр╕ар╕▒р╕Ур╕Ср╣Мр╕ер╣Йр╕▓р╕Зр╣Ар╕Др╕гр╕╖р╣Ир╕нр╕Зр╕кр╕│р╕нр╕▓р╕З",р╕Др╕гр╕╡р╕бр╕Ър╕│р╕гр╕╕р╕Зр╕Ьр╕┤р╕з, р╣Ар╕Лр╕гр╕▒р╣Ир╕б, р╕бр╕▓р╕кр╣Мр╕Бр╕лр╕Щр╣Йр╕▓, р╕Ьр╕ер╕┤р╕Хр╕ар╕▒р╕Ур╕Ср╣Мр╕ер╣Йр╕▓р╕Зр╣Ар╕Др╕гр╕╖р╣Ир╕нр╕Зр╕кр╕│р╕нр╕▓р╕З,,,,р╕Др╕зр╕▓р╕бр╕Кр╕╕р╣Ир╕бр╕Кр╕╖р╣Ир╕Щ р╣Бр╕ер╕░ р╕Ър╕гр╕┤р╣Ар╕зр╕У T-Zone,р╕Фр╕╣р╕кр╕ар╕▓р╕Юр╕Ьр╕┤р╕зр╕лр╕ер╕▒р╕Зр╕Хр╕╖р╣Ир╕Щр╕Щр╕нр╕Щ р╕гр╕┤р╣Йр╕зр╕гр╕нр╕в р╕Др╕зр╕▓р╕бр╕Кр╕╕р╣Ир╕бр╕Кр╕╖р╣Ир╕Щ,р╕бр╕╡
р╕Др╕▓р╕З,р╕Др╕▓р╕З,,,,,р╕Ыр╕▓р╕Щр╕Бр╕ер╕▓р╕З,"р╕Др╕гр╕╡р╕бр╕Ър╕│р╕гр╕╕р╕Зр╕Ьр╕┤р╕з, р╣Ар╕Лр╕гр╕▒р╣Ир╕б, р╕вр╕▓р╕гр╕▒р╕Бр╕йр╕▓р╕кр╕┤р╕з, р╕бр╕▓р╕кр╣Мр╕Бр╕лр╕Щр╣Йр╕▓, р╕Ьр╕ер╕┤р╕Хр╕ар╕▒р╕Ур╕Ср╣Мр╕ер╣Йр╕▓р╕Зр╣Ар╕Др╕гр╕╖р╣Ир╕нр╕Зр╕кр╕│р╕нр╕▓р╕З, р╣Вр╕Яр╕бр╕ер╣Йр╕▓р╕Зр╕лр╕Щр╣Йр╕▓",р╕Др╕гр╕╡р╕бр╕Ър╕│р╕гр╕╕р╕Зр╕Ьр╕┤р╕з, р╣Ар╕Лр╕гр╕▒р╣Ир╕б, р╕вр╕▓р╕гр╕▒р╕Бр╕йр╕▓р╕кр╕┤р╕з, р╕бр╕▓р╕кр╣Мр╕Бр╕лр╕Щр╣Йр╕▓, р╕Ьр╕ер╕┤р╕Хр╕ар╕▒р╕Ур╕Ср╣Мр╕ер╣Йр╕▓р╕Зр╣Ар╕Др╕гр╕╖р╣Ир╕нр╕Зр╕кр╕│р╕нр╕▓р╕З, р╣Вр╕Яр╕бр╕ер╣Йр╕▓р╕Зр╕лр╕Щр╣Йр╕▓,,р╕нр╣Ир╕▓р╕Щр╕гр╕▓р╕вр╕ер╕░р╣Ар╕нр╕╡р╕вр╕Фр╣Гр╕Кр╣Йр╕Хр╕▓р╕бр╣Бр╕Щр╕░р╕Щр╕│,р╕Фр╕╡р╕Вр╕╢р╣Йр╕Щ,р╣Др╕бр╣Ир╕бр╕╡
р╕лр╕Щр╣Йр╕▓р╕Ьр╕▓р╕Б,р╕лр╕Щр╣Йр╕▓р╕Ьр╕▓р╕Б,,,,,р╕гр╕╕р╕Щр╣Бр╕гр╕З,"р╕Др╕гр╕╡р╕бр╕Ър╕│р╕гр╕╕р╕Зр╕Ьр╕┤р╕з, р╣Вр╕Чр╕Щр╣Ар╕Щр╕нр╕гр╣М, р╣Ар╕Лр╕гр╕▒р╣Ир╕б, р╣Вр╕Яр╕бр╕ер╣Йр╕▓р╕Зр╕лр╕Щр╣Йр╕▓",р╕Др╕гр╕╡р╕бр╕Ър╕│р╕гр╕╕р╕Зр╕Ьр╕┤р╕з, р╣Вр╕Чр╕Щр╣Ар╕Щр╕нр╕гр╣М, р╣Ар╕Лр╕гр╕▒р╣Ир╕б, р╣Вр╕Яр╕бр╕ер╣Йр╕▓р╕Зр╕лр╕Щр╣Йр╕▓,,,,р╕Фр╕╣р╕зр╕┤р╕Шр╕╡р╕Бр╕▓р╕гр╣Гр╕Кр╣Й,р╕кр╕ер╕▒р╕Ър╣Гр╕Кр╣Й,р╕бр╕╡
р╕Др╕▓р╕З,р╕Др╕▓р╕З,,,,,р╕Щр╣Йр╕нр╕вр╕бр╕▓р╕Б,р╕вр╕▓р╕гр╕▒р╕Бр╕йр╕▓р╕кр╕┤р╕з,р╕вр╕▓р╕гр╕▒р╕Бр╕йр╕▓р╕кр╕┤р╕з,,,,,,,р╣Ар╕лр╕бр╕▓р╕░р╕Ьр╕┤р╕зр╕Ър╕нр╕Ър╕Ър╕▓р╕З ,р╕лр╕Щр╣Йр╕▓р╕Вр╕╕р╕Чр╕Вр╕╖р╣Ир╕Щр╣Др╕бр╣Ир╣Ар╕Бр╕┤р╕Фр╕кр╕┤р╕з,р╕бр╕╡
р╕Ир╕бр╕╣р╕Б,р╕Ир╕бр╕╣р╕Б,,,,,р╕Щр╣Йр╕нр╕вр╕бр╕▓р╕Б,"р╕Др╕гр╕╡р╕бр╕Ър╕│р╕гр╕╕р╕Зр╕Ьр╕┤р╕з, р╣Вр╕Чр╕Щр╣Ар╕Щр╕нр╕гр╣М, р╣Ар╕Лр╕гр╕▒р╣Ир╕б, р╕Ьр╕ер╕┤р╕Хр╕ар╕▒р╕Ур╕Ср╣Мр╕ер╣Йр╕▓р╕Зр╣Ар╕Др╕гр╕╖р╣Ир╕нр╕Зр╕кр╕│р╕нр╕▓р╕З, р╣Вр╕Яр╕бр╕ер╣Йр╕▓р╕Зр╕лр╕Щр╣Йр╕▓",р╕Др╕гр╕╡р╕бр╕Ър╕│р╕гр╕╕р╕Зр╕Ьр╕┤р╕з, р╣Вр╕Чр╕Щр╣Ар╕Щр╕нр╕гр╣М, р╣Ар╕Лр╕гр╕▒р╣Ир╕б, р╕Ьр╕ер╕┤р╕Хр╕ар╕▒р╕Ур╕Ср╣Мр╕ер╣Йр╕▓р╕Зр╣Ар╕Др╕гр╕╖р╣Ир╕нр╕Зр╕кр╕│р╕нр╕▓р╕З, р╣Вр╕Яр╕бр╕ер╣Йр╕▓р╕Зр╕лр╕Щр╣Йр╕▓,,,SKll ,р╕Фр╕╣р╣Бр╕ер╕Ьр╕┤р╕з,р╣Др╕бр╣Ир╕бр╕╡
р╕Ир╕бр╕╣р╕Б,р╕Ир╕бр╕╣р╕Б,,,,,р╕Щр╣Йр╕нр╕вр╕бр╕▓р╕Б,"р╕Др╕гр╕╡р╕бр╕Ър╕│р╕гр╕╕р╕Зр╕Ьр╕┤р╕з, р╣Вр╕Чр╕Щр╣Ар╕Щр╕нр╕гр╣М, р╣Ар╕Лр╕гр╕▒р╣Ир╕б, р╕бр╕▓р╕кр╣Мр╕Бр╕лр╕Щр╣Йр╕▓, р╣Вр╕Яр╕бр╕ер╣Йр╕▓р╕Зр╕лр╕Щр╣Йр╕▓",р╕Др╕гр╕╡р╕бр╕Ър╕│р╕гр╕╕р╕Зр╕Ьр╕┤р╕з, р╣Вр╕Чр╕Щр╣Ар╕Щр╕нр╕гр╣М, р╣Ар╕Лр╕гр╕▒р╣Ир╕б, р╕бр╕▓р╕кр╣Мр╕Бр╕лр╕Щр╣Йр╕▓, р╣Вр╕Яр╕бр╕ер╣Йр╕▓р╕Зр╕лр╕Щр╣Йр╕▓,,,р╣Др╕бр╣Ир╣Бр╕Щр╣Ир╣Гр╕И,р╕Др╕зр╕▓р╕бр╕Кр╕╕р╣Ир╕бр╕Кр╕╖р╣Йр╕Щ ,р╕бр╕╡
"р╣Бр╕Бр╣Йр╕б, р╕гр╕нр╕Ър╕Ыр╕▓р╕Б",р╣Бр╕Бр╣Йр╕б, р╕гр╕нр╕Ър╕Ыр╕▓р╕Б,,,,р╕Ыр╕▓р╕Щр╕Бр╕ер╕▓р╕З,"р╕Др╕гр╕╡р╕бр╕Ър╕│р╕гр╕╕р╕Зр╕Ьр╕┤р╕з, р╣Вр╕Чр╕Щр╣Ар╕Щр╕нр╕гр╣М, р╣Ар╕Лр╕гр╕▒р╣Ир╕б, р╣Вр╕Яр╕бр╕ер╣Йр╕▓р╕Зр╕лр╕Щр╣Йр╕▓",р╕Др╕гр╕╡р╕бр╕Ър╕│р╕гр╕╕р╕Зр╕Ьр╕┤р╕з, р╣Вр╕Чр╕Щр╣Ар╕Щр╕нр╕гр╣М, р╣Ар╕Лр╕гр╕▒р╣Ир╕б, р╣Вр╕Яр╕бр╕ер╣Йр╕▓р╕Зр╕лр╕Щр╣Йр╕▓,,,,р╕Др╕│р╕нр╕Шр╕┤р╕Ър╕▓р╕вр╕Вр╕нр╕Зр╕Ьр╕ер╕┤р╕Хр╕ар╕▒р╕Ур╕Ср╣М,р╕кр╕┤р╕зр╕Вр╕╢р╣Йр╕Щ,р╣Др╕бр╣Ир╕бр╕╡
"р╕лр╕Щр╣Йр╕▓р╕Ьр╕▓р╕Б, р╣Бр╕Бр╣Йр╕б",р╕лр╕Щр╣Йр╕▓р╕Ьр╕▓р╕Б, р╣Бр╕Бр╣Йр╕б,,,,р╕Ыр╕▓р╕Щр╕Бр╕ер╕▓р╕З,р╣Вр╕Яр╕бр╕ер╣Йр╕▓р╕Зр╕лр╕Щр╣Йр╕▓,р╣Вр╕Яр╕бр╕ер╣Йр╕▓р╕Зр╕лр╕Щр╣Йр╕▓,,,,,,,р╕Ьр╕бр╣Др╕бр╣Ир╣Ар╕Др╕вр╣Гр╕Кр╣ЙЁЯе╣,р╣Др╕бр╣Ир╣Ар╕Др╕вр╣Ар╕ер╕вр╕Зр╕▒р╕ЪЁЯдУ,р╣Др╕бр╣Ир╕бр╕╡